timestamp,altitude,vitesse,ax,ay,az,roll,pitch,yaw
0,1.13,0.84,-0.18,0.18,9.96,0.5,-0.04,292.18
1,2.34,1.46,0.24,-0.07,10.09,0.43,0.28,292.58
2,3.74,2.0,0.11,-0.04,9.62,-0.09,0.6,293.14
3,4.83,2.98,-0.02,-0.35,9.62,-0.69,0.82,293.33
4,5.96,3.68,0.38,0.39,9.55,-0.14,1.33,293.96
5,7.02,4.47,0.23,0.45,10.09,-0.54,1.49,294.0
6,8.14,5.17,-0.04,0.28,9.64,-0.22,1.71,293.81
7,9.42,5.76,-0.23,0.33,9.92,0.01,1.96,294.16
8,9.38,5.9,-0.18,0.07,9.8,-0.0,1.7,295.11
9,9.34,5.88,0.46,-0.06,9.77,0.69,1.34,295.56
10,9.24,6.06,-0.07,-0.08,9.76,0.69,1.04,295.32
11,9.12,5.92,-0.4,0.45,10.1,0.62,1.11,296.32
12,9.06,6.0,-0.25,-0.12,9.76,-0.08,0.91,296.94
13,9.06,6.04,0.4,-0.34,10.04,0.21,0.79,297.36
14,9.2,5.97,-0.29,-0.04,9.85,0.19,0.55,296.79
15,9.17,5.84,-0.34,0.33,9.72,0.48,0.51,296.21
16,9.05,5.91,0.43,0.01,9.76,0.16,0.33,296.64
17,9.06,6.09,0.4,0.03,10.02,0.13,0.36,297.63
18,8.98,6.13,-0.37,0.48,9.84,-0.24,0.27,297.57
19,8.95,5.94,0.45,-0.05,10.0,-0.29,0.24,297.4
20,8.96,5.9,-0.27,-0.13,9.94,0.46,0.27,297.59
21,8.98,5.98,0.29,0.13,9.7,0.87,0.55,298.05
22,9.11,6.05,-0.25,-0.36,9.73,0.22,0.37,297.79
23,9.07,6.21,0.11,0.34,9.87,0.2,0.44,297.93
24,9.21,6.36,0.27,0.33,9.88,0.35,0.22,297.91
25,9.15,6.3,-0.1,0.46,9.72,0.38,-0.17,297.16
26,9.24,6.27,-0.36,0.2,10.07,0.58,-0.32,294.41
27,9.26,6.43,-0.31,-0.49,9.71,0.56,-0.1,290.92
28,9.16,6.6,0.28,-0.11,9.84,0.37,0.24,287.7
29,9.21,6.52,-0.29,-0.28,9.77,0.19,0.65,285.66
30,9.35,6.43,0.24,-0.38,9.77,-0.04,0.19,283.42
31,9.24,6.41,-0.1,0.25,9.53,0.52,0.31,282.07
32,9.36,6.46,0.24,0.07,9.53,0.98,0.44,280.5
33,9.24,6.34,0.36,0.46,10.03,0.76,0.4,278.66
34,9.15,6.26,0.44,0.08,9.56,0.86,0.27,276.67
35,9.31,6.36,0.22,-0.15,9.73,0.16,-0.02,275.71
36,9.39,6.18,-0.06,-0.1,10.06,0.45,0.07,273.93
37,9.49,6.24,0.36,-0.33,9.85,0.39,0.03,273.06
38,9.42,6.44,-0.16,0.33,9.61,0.15,-0.03,271.69
39,9.24,6.61,-0.39,-0.08,9.81,0.12,-0.32,270.71
40,9.35,6.79,-0.31,0.38,9.99,-0.73,-0.33,270.73
41,9.22,6.93,-0.47,0.39,9.68,-0.54,-0.5,269.58
42,9.15,6.76,-0.23,-0.13,10.09,0.35,-0.56,269.38
43,9.32,6.86,0.22,-0.45,10.05,-0.05,-0.26,268.31
44,9.42,6.96,0.01,0.27,9.94,-0.04,-0.05,267.6
45,9.39,6.87,-0.36,-0.15,9.64,0.05,0.04,266.89
46,9.4,7.06,-0.19,-0.36,9.79,-0.42,0.0,266.69
47,9.3,6.87,0.06,0.04,9.69,-0.84,0.51,265.79
48,9.11,6.85,0.4,0.22,9.67,-0.55,0.47,265.02
49,9.27,7.03,0.14,0.47,9.59,-0.71,0.37,265.43
50,9.25,6.92,-0.08,0.19,9.72,-0.39,0.45,264.18
51,9.21,6.99,0.37,0.22,9.96,-0.26,-0.14,263.8
52,9.31,6.8,-0.31,-0.21,9.68,-0.36,-0.19,263.5
53,9.35,6.9,0.2,-0.12,9.53,0.08,0.02,262.58
54,9.5,7.07,-0.33,-0.02,9.72,-0.69,-0.32,262.4
55,9.48,7.1,0.32,0.08,9.93,-0.68,-0.18,261.94
56,9.29,7.01,0.09,-0.5,9.83,-0.25,-0.3,261.85
57,9.48,7.15,0.39,0.23,9.94,0.08,-0.2,261.0
58,9.68,6.96,0.42,-0.11,10.11,0.04,-0.0,259.82
59,9.61,6.79,0.26,0.42,9.95,-0.0,-0.39,259.43
60,9.5,6.65,0.13,0.21,10.06,0.01,-0.34,259.19
61,9.54,6.71,0.19,0.27,10.05,0.36,-0.17,259.21
62,9.65,6.75,-0.39,0.33,9.76,-0.04,-0.53,259.22
63,9.49,6.86,0.25,0.38,10.09,0.08,-0.51,259.89
64,9.31,6.89,-0.44,0.3,9.57,-0.45,-0.68,260.68
65,9.4,6.8,0.21,0.44,9.59,-0.59,-0.69,260.47
66,9.21,6.66,0.44,-0.09,9.99,-1.38,-0.7,260.73
67,9.28,6.71,-0.28,0.22,9.76,-2.3,-0.51,261.37
68,9.24,6.64,-0.22,0.13,10.07,-2.04,-0.56,261.27
69,9.15,6.71,0.41,0.12,9.6,-2.12,-0.73,261.41
70,9.18,6.89,-0.03,0.25,9.53,-2.41,-0.35,262.18
71,9.14,6.95,0.16,0.25,9.97,-2.46,-0.26,262.86
72,8.99,6.81,0.31,-0.38,9.83,-1.99,0.08,263.34
73,8.96,6.86,0.05,-0.32,9.76,-1.67,0.38,263.54
74,8.91,6.85,-0.27,0.22,9.8,-1.8,0.28,263.5
75,8.89,6.82,-0.5,0.06,9.81,-1.4,0.11,263.38
76,9.06,6.9,0.4,0.13,10.11,-0.89,0.2,263.35
77,9.11,6.85,0.25,-0.43,10.0,0.64,0.54,261.65
78,9.02,6.77,0.08,0.24,9.54,1.25,0.64,260.35
79,9.09,6.8,-0.44,0.25,9.97,3.02,0.59,258.64
80,8.34,6.27,0.46,0.36,9.83,3.78,-0.03,257.25
81,7.82,5.77,0.11,-0.24,9.63,4.18,-0.55,256.05
82,7.19,5.28,-0.15,0.4,9.57,5.05,-1.18,253.78
83,6.69,4.66,0.04,0.08,9.57,4.02,-1.54,252.35
84,6.08,4.06,-0.06,0.37,9.72,3.37,-1.93,251.32
85,5.1,3.42,0.14,-0.46,9.57,2.44,-2.41,249.57
86,4.12,3.07,-0.4,0.38,9.62,1.83,-3.18,249.49
87,3.2,2.52,-0.37,-0.38,9.85,2.02,-2.93,248.25
88,2.44,2.14,-0.48,0.17,9.76,1.66,-3.18,248.16
89,1.7,1.79,-0.48,0.19,10.1,1.6,-3.55,247.25
90,0.76,1.33,0.01,0.12,10.1,1.33,-3.52,246.52
91,0,0.8,-0.44,0.49,10.07,1.11,-3.12,246.24
92,0,0.26,-0.02,0.44,9.91,1.2,-3.09,245.41
93,0,0,-0.06,0.43,9.55,0.95,-3.35,245.17
94,0,0,-0.11,-0.17,9.59,1.64,-3.48,245.17
95,0,0,0.27,0.33,9.9,2.26,-3.52,245.53
96,0,0,0.12,0.03,10.07,2.41,-3.43,245.88
97,0,0,0.16,0.38,9.69,1.44,-3.46,245.67
98,0,0,0.29,-0.21,9.72,1.39,-3.55,244.98
99,0,0,0.0,-0.38,9.95,0.9,-3.73,245.68
100,0,0,0.37,0.13,9.84,1.01,-3.9,245.45
101,0,0,-0.11,-0.4,9.8,-0.04,-3.71,246.45
102,0,0,-0.41,0.03,9.58,-0.51,-4.17,246.47
103,0,0,-0.42,-0.47,9.94,-0.39,-4.19,246.51
104,0,0,-0.07,0.19,9.69,-0.39,-4.23,247.19
105,0,0,-0.24,0.04,9.63,-0.23,-4.21,246.8
106,0,0,0.36,-0.1,9.76,-0.23,-4.42,251.62
107,0,0,-0.22,0.4,9.99,-0.75,-4.38,256.78
108,0,0,0.15,0.41,9.52,-0.83,-4.54,262.66
109,0,0,-0.37,0.4,9.78,-1.05,-4.38,267.04
110,0,0,-0.26,0.42,10.07,-0.71,-4.45,270.46
111,0,0,-0.38,-0.46,9.93,-0.89,-4.4,274.13
112,0,0,0.45,0.2,10.05,-0.32,-4.44,277.45
113,0,0,0.19,0.04,9.64,0.14,-4.72,280.59
114,0,0,-0.37,-0.18,9.66,0.33,-4.4,282.95
115,0,0,-0.18,-0.09,10.11,0.27,-4.04,284.75
116,0,0,0.26,-0.36,9.86,-0.68,-3.95,287.03
117,0,0,0.23,0.04,9.76,-0.08,-3.75,287.92
118,0,0,0.38,0.4,10.0,-0.42,-3.63,290.0
119,0,0,-0.01,-0.0,9.99,-0.61,-3.64,290.99
1776032390,0.0,0.0,0.0,0.0,0.0,0.01,0.04,0.07
1776032391,0.0,0.0,0.0,0.0,0.0,0.01,0.04,0.07
1776032391,0.0,0.0,0.0,0.0,0.0,0.01,0.04,0.07
1776032392,0.0,0.0,0.0,0.0,0.0,0.01,0.04,0.07
1776032392,0.0,0.0,0.0,0.0,0.0,0.01,0.04,0.07
1776032393,0.0,0.0,0.0,0.0,0.0,0.01,0.04,0.07
1776032394,0.0,0.0,0.0,0.0,0.0,0.01,0.04,0.07
1776032394,0.0,0.0,0.0,0.0,0.0,0.01,0.04,0.07
1776032395,0.0,0.0,0.0,0.0,0.0,0.0,0.04,0.08
1776032395,0.0,0.0,0.0,0.0,0.0,0.04,0.04,0.16
1776032396,0.0,0.0,0.0,0.0,0.0,0.12,0.04,0.32
1776032396,0.0,0.0,0.0,0.0,0.0,0.17,0.03,0.47
1776032397,0.0,0.0,0.0,0.0,0.0,0.22,0.03,0.69
1776032397,0.0,0.0,0.0,0.0,0.0,0.23,0.03,0.82
1776032398,0.0,0.0,0.0,0.0,0.0,0.23,0.03,0.96
1776032398,0.0,0.0,0.0,0.0,0.0,0.23,0.03,1.09
1776032399,0.0,0.0,0.0,0.0,0.0,0.2,0.03,1.28
1776032399,0.0,0.0,0.0,0.0,0.0,0.18,0.03,1.4
1776032400,0.0,0.0,0.0,0.0,0.0,0.16,0.03,1.51
1776032400,0.0,0.0,0.0,0.0,0.0,0.14,0.03,1.62
1776032401,0.0,0.0,0.0,0.0,0.0,0.12,0.03,1.72
1776032401,0.0,0.0,0.0,0.0,0.0,0.1,0.03,1.85
1776032402,0.0,0.0,0.0,0.0,0.0,0.08,0.03,1.93
1776032402,0.0,0.0,0.0,0.0,0.0,0.06,0.03,2.03
1776032403,0.0,0.0,0.0,0.0,0.0,0.05,0.03,2.08
1776032403,0.0,0.0,0.0,0.0,0.0,0.04,0.03,2.14
1776032404,0.0,0.0,0.0,0.0,0.0,0.03,0.03,2.18
1776032405,0.0,0.0,0.0,0.0,0.0,0.03,0.03,2.22
1776032405,0.0,0.0,0.0,0.0,0.0,0.02,0.03,2.27
1776032406,0.0,0.0,0.0,0.0,0.0,0.01,0.04,2.3
1776032406,0.0,0.0,0.0,0.0,0.0,0.01,0.04,2.32
1776032407,0.0,0.0,0.0,0.0,0.0,0.0,0.04,2.34
1776032407,0.0,0.0,0.0,0.0,0.0,-0.0,0.04,2.37
1776032408,0.0,0.0,0.0,0.0,0.0,-0.0,0.04,2.39
1776032408,0.0,0.0,0.0,0.0,0.0,-0.0,0.04,2.4
1776032409,0.0,0.0,0.0,0.0,0.0,-0.0,0.04,2.41
1776032409,0.0,0.0,0.0,0.0,0.0,-0.0,0.04,2.42
1776032410,0.0,0.0,0.0,0.0,0.0,-0.0,0.04,2.42
1776032410,0.0,0.0,0.0,0.0,0.0,0.0,0.04,2.43
1776032411,0.0,0.0,0.0,0.0,0.0,0.0,0.05,2.43
1776032411,0.0,0.0,0.0,0.0,0.0,0.0,0.05,2.44
1776032412,0.0,0.0,0.0,0.0,0.0,0.0,0.05,2.44
1776032412,0.0,0.0,0.0,0.0,0.0,0.0,0.05,2.44
1776032413,0.0,0.0,0.0,0.0,0.0,0.0,0.05,2.44
1776032413,0.0,0.0,0.0,0.0,0.0,0.0,0.05,2.44
1776032414,0.0,0.0,0.0,0.0,0.0,0.0,0.05,2.44
1776032414,0.0,0.0,0.0,0.0,0.0,0.01,0.05,2.44
1776032415,0.0,0.0,0.0,0.0,0.0,0.01,0.05,2.44
1776032416,0.0,0.0,0.0,0.0,0.0,0.01,0.05,2.44
1776032416,0.0,0.0,0.0,0.0,0.0,0.01,0.05,2.44
1776032417,0.0,0.0,0.0,0.0,0.0,0.01,0.05,2.44
1776032417,0.0,0.0,0.0,0.0,0.0,0.01,0.05,2.44
1776032418,0.0,0.0,0.0,0.0,0.0,0.01,0.05,2.43
1776032418,0.0,0.0,0.0,0.0,0.0,0.01,0.05,2.43
1776032419,0.0,0.0,0.0,0.0,0.0,0.01,0.06,2.43
1776032419,0.0,0.0,0.0,0.0,0.0,0.01,0.06,2.43
1776032420,0.0,0.0,0.0,0.0,0.0,0.01,0.06,2.42
1776032420,0.0,0.0,0.0,0.0,0.0,0.01,0.06,2.42
1776032421,0.0,0.0,0.0,0.0,0.0,0.01,0.06,2.42
1776032421,0.0,0.0,0.0,0.0,0.0,0.01,0.06,2.42
1776032422,0.0,0.0,0.0,0.0,0.0,0.01,0.06,2.41
1776032422,0.0,0.0,0.0,0.0,0.0,0.01,0.06,2.41
1776032423,0.0,0.0,0.0,0.0,0.0,0.01,0.06,2.41
1776032423,0.0,0.0,0.0,0.0,0.0,0.01,0.06,2.41
1776032424,0.0,0.0,0.0,0.0,0.0,0.01,0.06,2.4
1776032424,0.0,0.0,0.0,0.0,0.0,0.01,0.06,2.4
1776032425,0.0,0.0,0.0,0.0,0.0,0.01,0.06,2.4
1776032425,0.0,0.0,0.0,0.0,0.0,0.01,0.06,2.39
1776032426,0.0,0.0,0.0,0.0,0.0,0.02,0.06,2.39
1776032426,0.0,0.0,0.0,0.0,0.0,0.02,0.07,2.39
1776032427,0.0,0.0,0.0,0.0,0.0,0.02,0.07,2.38
1776032427,0.0,0.0,0.0,0.0,0.0,0.02,0.07,2.38
1776032428,0.0,0.0,0.0,0.0,0.0,0.02,0.07,2.38
1776032429,0.0,0.0,0.0,0.0,0.0,0.02,0.07,2.37
1776032429,0.0,0.0,0.0,0.0,0.0,0.02,0.07,2.37
1776032430,0.0,0.0,0.0,0.0,0.0,0.02,0.07,2.37
1776032430,0.0,0.0,0.0,0.0,0.0,0.02,0.07,2.37
1776032431,0.0,0.0,0.0,0.0,0.0,0.02,0.07,2.36
1776032431,0.0,0.0,0.0,0.0,0.0,0.02,0.07,2.36
1776032432,0.0,0.0,0.0,0.0,0.0,0.03,0.07,2.36
1776032432,0.0,0.0,0.0,0.0,0.0,0.03,0.07,2.35
1776032433,0.0,0.0,0.0,0.0,0.0,0.03,0.07,2.35
1776032433,0.0,0.0,0.0,0.0,0.0,0.03,0.07,2.35
1776032434,0.0,0.0,0.0,0.0,0.0,0.03,0.07,2.35
1776032434,0.0,0.0,0.0,0.0,0.0,0.03,0.07,2.34
1776032435,0.0,0.0,0.0,0.0,0.0,0.03,0.07,2.34
1776032435,0.0,0.0,0.0,0.0,0.0,0.03,0.07,2.34
1776032436,0.0,0.0,0.0,0.0,0.0,0.03,0.07,2.33
1776032436,0.0,0.0,0.0,0.0,0.0,0.03,0.07,2.33
1776032437,0.0,0.0,0.0,0.0,0.0,0.03,0.08,2.33
1776032437,0.0,0.0,0.0,0.0,0.0,0.03,0.08,2.33
1776032438,0.0,0.0,0.0,0.0,0.0,0.03,0.07,2.33
1776032438,0.0,0.0,0.0,0.0,0.0,0.03,0.08,2.32
1776032439,0.0,0.0,0.0,0.0,0.0,0.03,0.08,2.32
1776032439,0.0,0.0,0.0,0.0,0.0,0.03,0.08,2.32
1776032440,0.0,0.0,0.0,0.0,0.0,0.03,0.07,2.32
1776032440,0.0,0.0,0.0,0.0,0.0,0.03,0.08,2.31
1776032441,0.0,0.0,0.0,0.0,0.0,0.03,0.08,2.31
1776032441,0.0,0.0,0.0,0.0,0.0,0.03,0.08,2.31
1776032442,0.0,0.0,0.0,0.0,0.0,0.03,0.08,2.31
1776032443,0.0,0.0,0.0,0.0,0.0,0.03,0.08,2.3
1776032443,0.0,0.0,0.0,0.0,0.0,0.03,0.08,2.3
1776032444,0.0,0.0,0.0,0.0,0.0,0.03,0.08,2.3
1776032444,0.0,0.0,0.0,0.0,0.0,0.03,0.08,2.3
1776032445,0.0,0.0,0.0,0.0,0.0,0.04,0.08,2.29
1776032445,0.0,0.0,0.0,0.0,0.0,0.04,0.08,2.29
1776032446,0.0,0.0,0.0,0.0,0.0,0.04,0.08,2.29
1776032446,0.0,0.0,0.0,0.0,0.0,0.04,0.08,2.29
1776032447,0.0,0.0,0.0,0.0,0.0,0.04,0.08,2.29
1776032447,0.0,0.0,0.0,0.0,0.0,0.04,0.08,2.28
1776032448,0.0,0.0,0.0,0.0,0.0,0.04,0.08,2.28
1776032448,0.0,0.0,0.0,0.0,0.0,0.04,0.08,2.28
1776032449,0.0,0.0,0.0,0.0,0.0,0.04,0.08,2.28
1776032449,0.0,0.0,0.0,0.0,0.0,0.04,0.08,2.28
1776032450,0.0,0.0,0.0,0.0,0.0,0.04,0.08,2.28
1776032450,0.0,0.0,0.0,0.0,0.0,0.04,0.08,2.28
1776032451,0.0,0.0,0.0,0.0,0.0,0.04,0.08,2.27
1776032451,0.0,0.0,0.0,0.0,0.0,0.04,0.08,2.27
1776032452,0.0,0.0,0.0,0.0,0.0,0.04,0.08,2.27
1776032452,0.0,0.0,0.0,0.0,0.0,0.04,0.08,2.27
1776032453,0.0,0.0,0.0,0.0,0.0,0.04,0.08,2.27
1776032453,0.0,0.0,0.0,0.0,0.0,0.04,0.08,2.27
1776032454,0.0,0.0,0.0,0.0,0.0,0.04,0.08,2.27
1776032455,0.0,0.0,0.0,0.0,0.0,0.04,0.08,2.27
1776032455,0.0,0.0,0.0,0.0,0.0,0.11,0.14,-0.03
1776032456,0.0,0.0,0.0,0.0,0.0,0.18,0.21,-0.01
1776032456,0.0,0.0,0.0,0.0,0.0,0.2,0.24,-0.03
1776032457,0.0,0.0,0.0,0.0,0.0,-0.31,-0.39,-0.07
1776032457,0.0,0.03,0.0,0.0,0.0,-0.57,-0.54,-0.09
1776032458,0.15,0.12,0.0,0.0,0.0,-0.37,-0.25,-0.15
1776032458,0.63,0.17,0.0,0.0,0.0,-0.02,0.22,-0.18
1776032459,1.34,0.15,0.0,0.0,0.0,0.19,0.23,0.0
1776032459,2.69,0.12,0.0,0.0,0.0,0.51,0.21,-1.26
1776032460,3.67,0.07,0.0,0.0,0.0,0.44,0.3,-1.33
1776032460,4.7,0.05,0.0,0.0,0.0,0.4,0.29,-1.1
1776032461,5.77,0.04,0.0,0.0,0.0,0.21,0.36,-0.93
1776032461,6.86,0.04,0.0,0.0,0.0,0.39,0.43,-1.04
1776032462,7.97,0.07,0.0,0.0,0.0,0.56,0.6,-0.85
1776032462,9.08,0.12,0.0,0.0,0.0,0.28,0.46,-0.69
1776032463,10.75,0.14,0.0,0.0,0.0,0.15,0.47,-0.77
1776032463,11.84,0.15,0.0,0.0,0.0,0.13,0.32,-0.57
1776032464,12.85,0.15,0.0,0.0,0.0,-0.05,0.47,-0.58
1776032464,13.67,0.15,0.0,0.0,0.0,-0.12,0.18,-0.71
1776032465,14.23,0.13,0.0,0.0,0.0,-0.13,0.01,-1.15
1776032465,14.65,0.09,0.0,0.0,0.0,-0.26,-0.1,-0.95
1776032466,14.75,0.05,0.0,0.0,0.0,-0.67,-2.24,-0.18
1776032467,14.81,0.08,0.0,0.0,0.0,-0.53,-6.87,0.05
1776032467,14.87,0.6,0.0,0.0,0.0,-0.23,-8.5,0.13
1776032468,14.91,0.97,0.0,0.0,0.0,-0.04,-8.24,-0.01
1776032468,14.95,1.24,0.0,0.0,0.0,0.01,-9.5,-0.23
1776032469,14.97,1.78,0.0,0.0,0.0,0.01,-12.58,0.14
1776032469,14.97,2.11,0.0,0.0,0.0,0.04,-13.81,0.05
1776032470,14.98,2.6,0.0,0.0,0.0,0.09,-13.69,-0.22
1776032470,14.98,2.84,0.0,0.0,0.0,0.14,-13.93,-0.27
1776032471,14.98,3.13,0.0,0.0,0.0,0.09,-14.64,-0.23
1776032471,14.98,3.31,0.0,0.0,0.0,0.07,-15.41,0.07
1776032472,14.98,3.49,0.0,0.0,0.0,0.05,-15.92,0.16
1776032472,14.97,3.82,0.0,0.0,0.0,0.29,-16.59,-0.11
1776032473,14.97,3.97,0.0,0.0,0.0,0.1,-16.98,0.13
1776032473,14.97,4.17,0.0,0.0,0.0,0.02,-17.35,0.05
1776032474,14.97,4.29,0.0,0.0,0.0,0.17,-17.62,0.04
1776032474,14.96,4.46,0.0,0.0,0.0,0.15,-18.06,0.1
1776032475,14.96,4.56,0.0,0.0,0.0,0.26,-17.54,-0.12
1776032475,14.96,4.63,0.0,0.0,0.0,0.3,-16.26,-0.27
1776032476,14.97,4.52,0.0,0.0,0.0,0.03,-13.89,0.07
1776032476,14.97,4.36,0.0,0.0,0.0,-0.2,-12.07,0.26
1776032477,14.97,4.02,0.0,0.0,0.0,-0.26,-9.7,-0.21
1776032478,14.97,3.71,0.0,0.0,0.0,-0.14,-8.04,-0.31
1776032478,14.97,3.21,0.0,0.0,0.0,-0.2,-6.21,-0.3
1776032479,14.97,2.85,0.0,0.0,0.0,-0.26,-3.73,0.04
1776032479,14.96,2.46,0.0,0.0,0.0,-0.15,0.4,2.73
1776032480,14.95,1.37,0.0,0.0,0.0,1.05,3.14,26.71
1776032480,14.95,0.86,0.0,0.0,0.0,2.89,0.85,45.5
1776032481,14.95,0.36,0.0,0.0,0.0,4.95,-1.2,64.57
1776032481,14.96,0.25,0.0,0.0,0.0,4.9,-3.12,83.72
1776032482,14.96,0.69,0.0,0.0,0.0,3.24,-5.57,112.42
1776032482,14.96,0.91,0.0,0.0,0.0,1.2,-7.4,131.63
1776032483,14.96,1.25,0.0,0.0,0.0,-1.55,-9.86,139.95
1776032483,14.96,1.57,0.0,0.0,0.0,-0.33,-12.27,135.48
1776032484,14.96,1.94,0.0,0.0,0.0,1.56,-13.88,133.71
1776032484,14.97,2.66,0.0,0.0,0.0,0.78,-14.3,135.88
1776032485,14.97,2.93,0.0,0.0,0.0,0.52,-14.53,135.67
1776032485,14.97,3.24,0.0,0.0,0.0,0.68,-15.07,135.4
1776032486,14.97,3.43,0.0,0.0,0.0,0.91,-15.74,134.93
1776032486,14.97,3.69,0.0,0.0,0.0,0.86,-16.21,135.04
1776032487,14.97,3.85,0.0,0.0,0.0,0.53,-16.67,135.41
1776032487,14.98,4.14,0.0,0.0,0.0,0.3,-17.27,135.23
1776032488,14.98,4.27,0.0,0.0,0.0,0.39,-17.58,135.24
1776032489,14.98,4.39,0.0,0.0,0.0,0.42,-17.42,135.62
1776032489,14.98,4.51,0.0,0.0,0.0,0.28,-17.43,135.48
1776032490,14.98,4.57,0.0,0.0,0.0,0.3,-17.54,135.23
1776032490,14.99,4.64,0.0,0.0,0.0,0.27,-17.8,135.29
1776032491,14.99,4.7,0.0,0.0,0.0,0.17,-18.01,135.23
1776032491,14.99,4.75,0.0,0.0,0.0,0.21,-18.11,135.02
1776032492,14.99,4.84,0.0,0.0,0.0,0.29,-18.17,135.16
1776032492,14.99,4.88,0.0,0.0,0.0,0.32,-18.21,134.98
1776032493,14.99,4.92,0.0,0.0,0.0,0.27,-18.15,135.15
1776032493,15.0,4.93,0.0,0.0,0.0,0.09,-17.2,135.42
1776032494,15.0,4.86,0.0,0.0,0.0,0.1,-15.77,135.27
1776032494,15.0,4.74,0.0,0.0,0.0,0.26,-13.99,135.13
1776032495,15.01,4.55,0.0,0.0,0.0,0.37,-11.78,134.99
1776032495,15.01,3.95,0.0,0.0,0.0,0.35,-8.24,135.27
1776032496,15.01,3.58,0.0,0.0,0.0,0.11,-6.35,135.42
1776032496,15.02,2.99,0.0,0.0,0.0,0.03,-3.94,135.32
1776032497,15.02,2.56,0.0,0.0,0.0,0.18,0.09,135.15
1776032497,15.02,1.41,0.0,0.0,0.0,4.75,2.35,149.79
1776032498,15.02,0.91,0.0,0.0,0.0,7.47,-2.75,167.74
1776032498,15.02,0.92,0.0,0.0,0.0,5.32,-6.18,-172.93
1776032499,15.02,1.15,0.0,0.0,0.0,2.35,-8.29,-153.31
1776032499,15.02,1.38,0.0,0.0,0.0,-0.54,-10.67,-134.77
1776032500,15.02,1.99,0.0,0.0,0.0,-1.29,-13.15,-133.73
1776032501,15.02,2.32,0.0,0.0,0.0,1.39,-13.69,-136.41
1776032501,15.02,2.74,0.0,0.0,0.0,1.72,-13.73,-135.19
1776032502,15.02,2.95,0.0,0.0,0.0,1.42,-14.19,-135.08
1776032502,15.02,3.22,0.0,0.0,0.0,1.19,-14.85,-135.32
1776032503,15.02,3.39,0.0,0.0,0.0,1.13,-15.52,-135.12
1776032503,15.02,3.57,0.0,0.0,0.0,0.99,-16.15,-135.01
1776032504,15.02,3.89,0.0,0.0,0.0,0.84,-16.92,-134.86
1776032504,15.02,4.04,0.0,0.0,0.0,0.93,-17.19,-135.34
1776032505,15.02,4.24,0.0,0.0,0.0,0.92,-17.25,-135.18
1776032505,15.02,4.34,0.0,0.0,0.0,0.73,-17.15,-135.05
1776032506,15.02,4.43,0.0,0.0,0.0,0.58,-17.29,-135.13
1776032506,15.02,4.49,0.0,0.0,0.0,0.6,-17.64,-135.27
1776032507,15.01,4.56,0.0,0.0,0.0,0.32,-18.01,-135.06
1776032507,15.01,4.69,0.0,0.0,0.0,0.08,-18.08,-135.13
1776032508,15.01,4.74,0.0,0.0,0.0,0.43,-18.09,-135.52
1776032508,15.01,4.79,0.0,0.0,0.0,0.29,-18.09,-135.12
1776032509,15.01,4.82,0.0,0.0,0.0,0.22,-18.17,-135.1
1776032509,15.01,4.86,0.0,0.0,0.0,0.0,-18.07,-134.86
1776032510,15.01,4.87,0.0,0.0,0.0,-0.08,-16.99,-134.83
1776032510,15.01,4.82,0.0,0.0,0.0,0.03,-15.43,-135.0
1776032511,15.01,4.62,0.0,0.0,0.0,0.1,-13.76,-135.39
1776032511,15.01,4.41,0.0,0.0,0.0,-0.01,-11.71,-135.2
1776032512,15.01,3.82,0.0,0.0,0.0,0.06,-8.25,-135.05
1776032513,15.01,3.45,0.0,0.0,0.0,0.21,-6.39,-135.34
1776032513,15.01,2.89,0.0,0.0,0.0,0.23,-4.13,-135.06
1776032514,15.0,2.47,0.0,0.0,0.0,0.17,-0.45,-134.83
1776032514,15.0,1.98,0.0,0.0,0.0,-0.04,3.66,-135.48
1776032515,14.99,0.85,0.0,0.0,0.0,4.88,0.05,-119.63
1776032515,14.99,0.61,0.0,0.0,0.0,7.54,-3.55,-101.79
1776032516,14.99,0.86,0.0,0.0,0.0,5.46,-5.78,-82.98
1776032516,14.99,1.11,0.0,0.0,0.0,2.89,-8.18,-63.62
1776032517,14.99,1.49,0.0,0.0,0.0,-0.11,-11.0,-44.82
1776032517,14.99,1.81,0.0,0.0,0.0,-2.17,-12.73,-40.73
1776032518,14.99,2.16,0.0,0.0,0.0,0.31,-13.68,-45.5
1776032518,14.99,2.75,0.0,0.0,0.0,1.82,-13.72,-44.97
1776032519,14.99,2.95,0.0,0.0,0.0,1.06,-14.33,-44.26
1776032519,14.99,3.23,0.0,0.0,0.0,0.7,-15.07,-44.54
1776032520,14.99,3.5,0.0,0.0,0.0,0.82,-16.0,-44.8
1776032520,14.98,3.76,0.0,0.0,0.0,0.97,-16.42,-44.78
1776032521,14.98,3.91,0.0,0.0,0.0,0.94,-16.94,-44.76
1776032521,14.98,4.12,0.0,0.0,0.0,0.59,-17.08,-44.59
1776032522,14.98,4.23,0.0,0.0,0.0,0.35,-17.32,-44.55
1776032522,14.98,4.34,0.0,0.0,0.0,0.52,-17.21,-44.79
1776032523,14.98,4.47,0.0,0.0,0.0,0.64,-17.39,-44.71
1776032524,14.98,4.53,0.0,0.0,0.0,0.35,-17.73,-44.49
1776032524,14.98,4.62,0.0,0.0,0.0,0.42,-17.93,-44.74
1776032525,14.98,4.68,0.0,0.0,0.0,0.53,-18.03,-44.62
1776032525,14.98,4.76,0.0,0.0,0.0,0.29,-18.12,-44.48
1776032526,14.98,4.8,0.0,0.0,0.0,0.26,-18.3,-44.7
1776032526,14.98,4.84,0.0,0.0,0.0,0.04,-18.34,-44.43
1776032527,14.98,4.91,0.0,0.0,0.0,0.2,-17.41,-44.9
1776032527,14.99,4.88,0.0,0.0,0.0,0.43,-15.86,-45.0
1776032528,14.99,4.71,0.0,0.0,0.0,0.38,-14.26,-45.0
1776032528,14.99,4.52,0.0,0.0,0.0,0.37,-12.42,-44.9
1776032529,14.99,4.14,0.0,0.0,0.0,0.21,-10.08,-44.71
1776032529,15.0,3.81,0.0,0.0,0.0,0.04,-8.08,-44.77
1776032530,15.0,3.45,0.0,0.0,0.0,0.02,-6.39,-44.98
1776032530,14.99,2.7,0.0,0.0,0.0,-0.06,-2.13,-44.83
1776032531,14.99,2.25,0.0,0.0,0.0,0.07,2.91,-44.87
1776032531,14.99,1.35,0.0,0.0,0.0,0.14,11.34,-44.81
1776032532,14.98,0.45,0.0,0.0,0.0,3.24,14.49,-44.64
1776032532,14.98,0.94,0.0,0.0,0.0,7.11,8.37,-44.84
1776032533,14.99,1.36,0.0,0.0,0.0,8.5,5.42,-44.84
1776032533,14.99,1.61,0.0,0.0,0.0,8.17,6.74,-44.61
1776032534,14.99,1.96,0.0,0.0,0.0,8.53,9.39,-44.98
1776032534,14.99,2.36,0.0,0.0,0.0,8.96,9.5,-44.92
1776032535,14.99,2.71,0.0,0.0,0.0,9.45,9.47,-44.74
1776032535,14.99,2.89,0.0,0.0,0.0,9.99,9.78,-44.62
1776032536,14.99,3.14,0.0,0.0,0.0,10.48,10.38,-44.76
1776032537,14.99,3.31,0.0,0.0,0.0,10.89,11.01,-44.84
1776032537,14.99,3.48,0.0,0.0,0.0,11.22,11.49,-44.83
1776032538,14.99,3.81,0.0,0.0,0.0,11.76,11.71,-44.58
1776032538,14.99,3.94,0.0,0.0,0.0,11.91,12.05,-44.71
1776032539,14.99,4.12,0.0,0.0,0.0,12.1,12.44,-44.82
1776032539,14.99,4.24,0.0,0.0,0.0,12.1,12.88,-45.06
1776032540,14.99,4.43,0.0,0.0,0.0,12.05,12.56,-44.7
1776032540,14.99,4.49,0.0,0.0,0.0,11.26,11.56,-44.71
1776032541,15.0,4.42,0.0,0.0,0.0,10.22,10.55,-44.54
1776032541,15.0,4.3,0.0,0.0,0.0,9.15,9.45,-44.74
1776032542,15.0,4.12,0.0,0.0,0.0,7.65,8.12,-44.91
1776032542,15.0,3.75,0.0,0.0,0.0,6.17,6.74,-44.84
1776032543,15.0,3.28,0.0,0.0,0.0,4.62,4.93,-44.53
1776032543,15.0,2.79,0.0,0.0,0.0,3.1,3.53,-44.57
1776032544,15.0,2.44,0.0,0.0,0.0,0.97,1.43,-44.68
1776032544,15.0,1.77,0.0,0.0,0.0,-3.51,-3.18,-44.58
1776032545,14.97,1.05,0.0,0.0,0.0,-9.01,-8.94,-44.73
1776062174,0.58,2.26,-0.226,0.171,9.837,0.0,3.0,0.0,48.8584,2.2945,100.0,DECOLLAGE
1776062174,1.02,2.18,0.309,-0.264,9.814,0.59,2.98,0.47,48.8584,2.2945,99.9,DECOLLAGE
1776062174,1.54,2.01,0.131,0.162,9.841,1.13,2.92,0.91,48.8584,2.2945,99.9,DECOLLAGE
1776062174,2.1,2.44,-0.308,0.042,9.903,1.62,2.84,1.32,48.8584,2.2945,99.8,DECOLLAGE
1776062175,2.54,2.05,0.382,-0.013,9.746,2.12,2.72,1.75,48.8584,2.2945,99.8,DECOLLAGE
1776062175,3.03,2.41,0.44,-0.055,9.783,2.6,2.56,2.18,48.8584,2.2945,99.7,DECOLLAGE
1776062175,3.61,2.4,-0.01,-0.136,9.718,3.04,2.38,2.61,48.8584,2.2945,99.7,DECOLLAGE
1776062175,4.2,2.34,-0.156,0.194,9.87,3.45,2.17,3.05,48.8584,2.2945,99.6,DECOLLAGE
1776062176,4.8,2.12,0.215,-0.199,9.713,3.82,1.93,3.48,48.8584,2.2945,99.6,DECOLLAGE
1776062176,5.37,2.36,0.36,0.233,9.908,4.15,1.67,3.92,48.8584,2.2945,99.5,DECOLLAGE
1776062176,5.94,2.0,-0.033,0.145,9.746,4.43,1.39,4.35,48.8584,2.2945,99.5,DECOLLAGE
1776062176,6.4,2.36,-0.206,-0.458,9.804,4.65,1.1,4.79,48.8584,2.2945,99.4,DECOLLAGE
1776062176,6.9,2.32,-0.176,0.353,9.836,4.83,0.79,5.22,48.8584,2.2945,99.4,DECOLLAGE
1776062177,7.33,2.1,-0.014,-0.416,9.807,4.94,0.47,5.66,48.8584,2.2945,99.3,DECOLLAGE
1776062177,7.84,2.34,-0.012,0.245,9.792,4.99,0.14,6.09,48.8584,2.2945,99.3,DECOLLAGE
1776062177,8.34,2.1,-0.112,-0.354,9.854,4.99,-0.18,6.53,48.8584,2.2945,99.2,DECOLLAGE
1776062177,8.89,2.31,0.311,0.031,9.712,4.93,-0.51,6.96,48.8584,2.2945,99.2,DECOLLAGE
1776062177,9.4,2.43,-0.205,0.105,9.879,4.81,-0.83,7.4,48.8584,2.2945,99.1,DECOLLAGE
1776062178,9.92,2.1,-0.143,-0.107,9.729,4.63,-1.14,7.84,48.8584,2.2945,99.1,DECOLLAGE
1776062178,10.37,2.09,-0.024,0.09,9.844,4.39,-1.43,8.27,48.8584,2.2945,99.0,DECOLLAGE
1776062178,10.79,2.37,0.072,0.237,9.833,4.11,-1.71,8.71,48.8584,2.2945,99.0,DECOLLAGE
1776062178,11.32,2.15,0.046,-0.415,9.845,3.78,-1.97,9.14,48.8584,2.2945,98.9,DECOLLAGE
1776062179,11.81,2.27,-0.223,-0.314,9.77,3.4,-2.2,9.58,48.8584,2.2945,98.9,DECOLLAGE
1776062179,12.27,2.08,0.102,0.065,9.878,2.98,-2.41,10.01,48.8584,2.2945,98.8,DECOLLAGE
1776062179,12.77,2.11,0.367,0.252,9.887,2.53,-2.59,10.45,48.8584,2.2945,98.8,DECOLLAGE
1776062179,13.32,2.1,0.429,0.158,9.862,2.04,-2.74,10.88,48.8584,2.2945,98.7,DECOLLAGE
1776062179,13.77,2.13,-0.27,-0.283,9.852,1.54,-2.86,11.32,48.8584,2.2945,98.7,DECOLLAGE
1776062180,14.2,2.25,-0.32,-0.148,9.792,1.04,-2.93,11.73,48.8584,2.2945,98.6,DECOLLAGE
1776062180,14.67,2.06,0.163,-0.49,9.788,0.5,-2.98,12.16,48.8584,2.2945,98.6,DECOLLAGE
1776062180,15.14,2.37,-0.318,0.492,9.866,-0.04,-3.0,12.6,48.8584,2.2945,98.5,DECOLLAGE
1776062180,15.72,2.08,0.019,0.496,9.845,-0.58,-2.98,13.03,48.8584,2.2945,98.5,DECOLLAGE
1776062181,16.17,2.2,-0.097,0.024,9.8,-1.12,-2.92,13.47,48.8584,2.2945,98.4,DECOLLAGE
1776062181,16.6,2.45,-0.267,-0.091,9.804,-1.64,-2.83,13.9,48.8584,2.2945,98.4,DECOLLAGE
1776062181,17.04,2.33,-0.212,0.019,9.833,-2.14,-2.71,14.34,48.8584,2.2945,98.3,DECOLLAGE
1776062181,17.47,2.24,-0.069,0.497,9.803,-2.62,-2.55,14.78,48.8584,2.2945,98.3,DECOLLAGE
1776062181,17.99,2.4,-0.485,0.357,9.712,-3.07,-2.37,15.21,48.8584,2.2945,98.2,DECOLLAGE
1776062198,0.0,0.0,0.0,0.0,0.0,0.01,0.04,0.07,-4.4557421,15.2881738,100.0,STABILIZE
1776062198,0.0,0.0,0.0,0.0,0.0,0.01,0.04,0.07,-4.4557421,15.2881738,100.0,STABILIZE
1776062199,0.0,0.0,0.0,0.0,0.0,0.01,0.04,0.07,-4.4557421,15.2881738,100.0,STABILIZE
1776062199,0.0,0.0,0.0,0.0,0.0,0.01,0.04,0.07,-4.4557421,15.2881738,100.0,STABILIZE
1776062200,0.0,0.0,0.0,0.0,0.0,0.01,0.04,0.07,-4.4557421,15.2881738,100.0,STABILIZE
1776062200,0.0,0.0,0.0,0.0,0.0,0.01,0.04,0.07,-4.4557421,15.2881738,100.0,STABILIZE
1776062201,0.0,0.0,0.0,0.0,0.0,0.01,0.04,0.07,-4.4557421,15.2881738,100.0,STABILIZE
1776062201,0.0,0.0,0.0,0.0,0.0,0.01,0.04,0.07,-4.4557421,15.2881738,100.0,GUIDED
1776062202,0.0,0.0,0.0,0.0,0.0,0.0,0.04,0.07,-4.4557421,15.2881738,100.0,GUIDED
1776062202,0.0,0.0,0.0,0.0,0.0,0.0,0.04,0.08,-4.4557421,15.2881738,100.0,GUIDED
1776062203,0.0,0.0,0.0,0.0,0.0,0.12,0.04,0.32,-4.4557421,15.2881738,100.0,GUIDED
1776062203,0.0,0.0,0.0,0.0,0.0,0.17,0.03,0.47,-4.4557421,15.2881738,100.0,GUIDED
1776062204,0.0,0.0,0.0,0.0,0.0,0.21,0.03,0.61,-4.4557421,15.2881738,100.0,GUIDED
1776062204,0.0,0.0,0.0,0.0,0.0,0.23,0.03,0.82,-4.4557421,15.2881738,100.0,GUIDED
1776062205,0.0,0.0,0.0,0.0,0.0,0.23,0.03,0.96,-4.4557421,15.2881738,100.0,GUIDED
1776062205,0.0,0.0,0.0,0.0,0.0,0.23,0.03,1.09,-4.4557421,15.2881738,100.0,GUIDED
1776062206,0.0,0.0,0.0,0.0,0.0,0.21,0.03,1.21,-4.4557421,15.2881738,100.0,GUIDED
1776062206,0.0,0.0,0.0,0.0,0.0,0.19,0.03,1.34,-4.4557421,15.2881738,100.0,GUIDED
1776062207,0.0,0.0,0.0,0.0,0.0,0.17,0.03,1.45,-4.4557421,15.2881738,100.0,GUIDED
1776062208,0.0,0.0,0.0,0.0,0.0,0.14,0.03,1.62,-4.4557421,15.2881738,100.0,GUIDED
1776062208,0.0,0.0,0.0,0.0,0.0,0.12,0.03,1.72,-4.4557421,15.2881738,100.0,GUIDED
1776062209,0.0,0.0,0.0,0.0,0.0,0.1,0.03,1.85,-4.4557421,15.2881738,100.0,GUIDED
1776062209,0.0,0.0,0.0,0.0,0.0,0.08,0.03,1.93,-4.4557421,15.2881738,100.0,GUIDED
1776062210,0.0,0.0,0.0,0.0,0.0,0.07,0.03,1.99,-4.4557421,15.2881738,100.0,GUIDED
1776062210,0.0,0.0,0.0,0.0,0.0,0.06,0.03,2.06,-4.4557421,15.2881738,100.0,GUIDED
1776062211,0.0,0.0,0.0,0.0,0.0,0.05,0.03,2.11,-4.4557421,15.2881738,100.0,GUIDED
1776062211,0.0,0.0,0.0,0.0,0.0,0.04,0.03,2.16,-4.4557421,15.2881738,100.0,GUIDED
1776062212,0.0,0.0,0.0,0.0,0.0,0.03,0.03,2.22,-4.4557421,15.2881738,100.0,GUIDED
1776062212,0.0,0.0,0.0,0.0,0.0,0.02,0.03,2.25,-4.4557421,15.2881738,100.0,GUIDED
1776062213,0.0,0.0,0.0,0.0,0.0,0.01,0.04,2.28,-4.4557421,15.2881738,100.0,GUIDED
1776062213,0.0,0.0,0.0,0.0,0.0,0.01,0.04,2.31,-4.4557421,15.2881738,100.0,GUIDED
1776062214,0.0,0.0,0.0,0.0,0.0,0.0,0.04,2.33,-4.4557421,15.2881738,100.0,GUIDED
1776062214,0.0,0.0,0.0,0.0,0.0,0.0,0.04,2.36,-4.4557421,15.2881738,100.0,GUIDED
1776062215,0.0,0.0,0.0,0.0,0.0,-0.0,0.04,2.38,-4.4557421,15.2881738,100.0,GUIDED
1776062215,0.0,0.0,0.0,0.0,0.0,-0.0,0.04,2.39,-4.4557421,15.2881738,100.0,GUIDED
1776062216,0.0,0.0,0.0,0.0,0.0,-0.0,0.04,2.4,-4.4557421,15.2881738,100.0,GUIDED
1776062216,0.0,0.0,0.0,0.0,0.0,-0.0,0.04,2.41,-4.4557421,15.2881738,100.0,GUIDED
1776062217,0.0,0.0,0.0,0.0,0.0,-0.0,0.04,2.42,-4.4557421,15.2881738,100.0,GUIDED
1776062217,0.0,0.0,0.0,0.0,0.0,0.0,0.04,2.43,-4.4557421,15.2881738,100.0,GUIDED
1776062218,0.0,0.0,0.0,0.0,0.0,0.0,0.05,2.43,-4.4557421,15.2881738,100.0,GUIDED
1776062218,0.0,0.0,0.0,0.0,0.0,0.0,0.05,2.44,-4.4557421,15.2881738,100.0,GUIDED
1776062219,0.0,0.0,0.0,0.0,0.0,0.0,0.05,2.44,-4.4557421,15.2881738,100.0,GUIDED
1776062220,0.0,0.0,0.0,0.0,0.0,0.0,0.05,2.44,-4.4557421,15.2881738,100.0,GUIDED
1776062220,0.0,0.0,0.0,0.0,0.0,0.0,0.05,2.44,-4.4557421,15.2881738,100.0,GUIDED
1776062221,0.0,0.0,0.0,0.0,0.0,0.0,0.05,2.44,-4.4557421,15.2881738,100.0,GUIDED
1776062221,0.0,0.0,0.0,0.0,0.0,0.0,0.05,2.44,-4.4557421,15.2881738,100.0,GUIDED
1776062222,0.0,0.0,0.0,0.0,0.0,0.01,0.05,2.44,-4.4557421,15.2881738,100.0,GUIDED
1776062222,0.0,0.0,0.0,0.0,0.0,0.01,0.05,2.44,-4.4557421,15.2881738,100.0,GUIDED
1776062223,0.0,0.0,0.0,0.0,0.0,0.01,0.05,2.44,-4.4557421,15.2881738,100.0,GUIDED
1776062223,0.0,0.0,0.0,0.0,0.0,0.01,0.05,2.44,-4.4557421,15.2881738,100.0,GUIDED
1776062224,0.0,0.0,0.0,0.0,0.0,0.01,0.05,2.44,-4.4557421,15.2881738,100.0,GUIDED
1776062224,0.0,0.0,0.0,0.0,0.0,0.01,0.05,2.43,-4.4557421,15.2881738,100.0,GUIDED
1776062225,0.0,0.0,0.0,0.0,0.0,0.01,0.05,2.43,-4.4557421,15.2881738,100.0,GUIDED
1776062225,0.0,0.0,0.0,0.0,0.0,0.01,0.05,2.43,-4.4557421,15.2881738,100.0,GUIDED
1776062226,0.0,0.0,0.0,0.0,0.0,0.01,0.06,2.43,-4.4557421,15.2881738,100.0,GUIDED
1776062226,0.0,0.0,0.0,0.0,0.0,0.01,0.06,2.43,-4.4557421,15.2881738,100.0,GUIDED
1776062227,0.0,0.0,0.0,0.0,0.0,0.01,0.06,2.42,-4.4557421,15.2881738,100.0,GUIDED
1776062227,0.0,0.0,0.0,0.0,0.0,0.01,0.06,2.42,-4.4557421,15.2881738,100.0,GUIDED
1776062228,0.0,0.0,0.0,0.0,0.0,0.01,0.06,2.42,-4.4557421,15.2881738,100.0,GUIDED
1776062228,0.0,0.0,0.0,0.0,0.0,0.01,0.06,2.42,-4.4557421,15.2881738,100.0,GUIDED
1776062229,0.0,0.0,0.0,0.0,0.0,0.01,0.06,2.41,-4.4557421,15.2881738,100.0,GUIDED
1776062230,0.0,0.0,0.0,0.0,0.0,0.01,0.06,2.41,-4.4557421,15.2881738,100.0,GUIDED
1776062230,0.0,0.0,0.0,0.0,0.0,0.01,0.06,2.41,-4.4557421,15.2881738,100.0,GUIDED
1776062231,0.0,0.0,0.0,0.0,0.0,0.01,0.06,2.41,-4.4557421,15.2881738,100.0,GUIDED
1776062231,0.0,0.0,0.0,0.0,0.0,0.01,0.06,2.4,-4.4557421,15.2881738,100.0,GUIDED
1776062232,0.0,0.0,0.0,0.0,0.0,0.01,0.06,2.4,-4.4557421,15.2881738,100.0,GUIDED
1776062232,0.0,0.0,0.0,0.0,0.0,0.01,0.06,2.4,-4.4557421,15.2881738,100.0,GUIDED
1776062233,0.0,0.0,0.0,0.0,0.0,0.01,0.06,2.39,-4.4557421,15.2881738,100.0,GUIDED
1776062233,0.0,0.0,0.0,0.0,0.0,0.02,0.06,2.39,-4.4557421,15.2881738,100.0,GUIDED
1776062234,0.0,0.0,0.0,0.0,0.0,0.02,0.07,2.39,-4.4557421,15.2881738,100.0,GUIDED
1776062234,0.0,0.0,0.0,0.0,0.0,0.02,0.07,2.38,-4.4557421,15.2881738,100.0,GUIDED
1776062235,0.0,0.0,0.0,0.0,0.0,0.02,0.07,2.38,-4.4557421,15.2881738,100.0,GUIDED
1776062235,0.0,0.0,0.0,0.0,0.0,0.02,0.07,2.38,-4.4557421,15.2881738,100.0,GUIDED
1776062236,0.0,0.0,0.0,0.0,0.0,0.02,0.07,2.38,-4.4557421,15.2881738,100.0,GUIDED
1776062236,0.0,0.0,0.0,0.0,0.0,0.02,0.07,2.37,-4.4557421,15.2881738,100.0,GUIDED
1776062237,0.0,0.0,0.0,0.0,0.0,0.02,0.07,2.37,-4.4557421,15.2881738,100.0,GUIDED
1776062237,0.0,0.0,0.0,0.0,0.0,0.02,0.07,2.37,-4.4557421,15.2881738,100.0,GUIDED
1776062238,0.0,0.0,0.0,0.0,0.0,0.02,0.07,2.36,-4.4557421,15.2881738,100.0,GUIDED
1776062238,0.0,0.0,0.0,0.0,0.0,0.03,0.07,2.36,-4.4557421,15.2881738,100.0,GUIDED
1776062239,0.0,0.0,0.0,0.0,0.0,0.03,0.07,2.36,-4.4557421,15.2881738,100.0,GUIDED
1776062240,0.0,0.0,0.0,0.0,0.0,0.03,0.07,2.35,-4.4557421,15.2881738,100.0,GUIDED
1776062240,0.0,0.0,0.0,0.0,0.0,0.03,0.07,2.35,-4.4557421,15.2881738,100.0,GUIDED
1776062241,0.0,0.0,0.0,0.0,0.0,0.03,0.07,2.35,-4.4557421,15.2881738,100.0,GUIDED
1776062241,0.0,0.0,0.0,0.0,0.0,0.03,0.07,2.34,-4.4557421,15.2881738,100.0,GUIDED
1776062242,0.0,0.0,0.0,0.0,0.0,0.03,0.07,2.34,-4.4557421,15.2881738,100.0,GUIDED
1776062242,0.0,0.0,0.0,0.0,0.0,0.03,0.07,2.34,-4.4557421,15.2881738,100.0,GUIDED
1776062243,0.0,0.0,0.0,0.0,0.0,0.03,0.07,2.33,-4.4557421,15.2881738,100.0,GUIDED
1776062243,0.0,0.0,0.0,0.0,0.0,0.03,0.07,2.33,-4.4557421,15.2881738,100.0,GUIDED
1776062244,0.0,0.0,0.0,0.0,0.0,0.03,0.07,2.33,-4.4557421,15.2881738,100.0,GUIDED
1776062244,0.0,0.0,0.0,0.0,0.0,0.03,0.08,2.33,-4.4557421,15.2881738,100.0,GUIDED
1776062245,0.0,0.0,0.0,0.0,0.0,0.03,0.07,2.33,-4.4557421,15.2881738,100.0,GUIDED
1776062245,0.0,0.0,0.0,0.0,0.0,0.03,0.07,2.33,-4.4557421,15.2881738,100.0,GUIDED
1776062246,0.0,0.0,0.0,0.0,0.0,0.03,0.08,2.32,-4.4557421,15.2881738,100.0,GUIDED
1776062246,0.0,0.0,0.0,0.0,0.0,0.03,0.07,2.32,-4.4557421,15.2881738,100.0,GUIDED
1776062247,0.0,0.0,0.0,0.0,0.0,0.03,0.07,2.32,-4.4557421,15.2881738,100.0,GUIDED
1776062247,0.0,0.0,0.0,0.0,0.0,0.03,0.07,2.31,-4.4557421,15.2881738,100.0,GUIDED
1776062248,0.0,0.0,0.0,0.0,0.0,0.03,0.08,2.31,-4.4557421,15.2881738,100.0,GUIDED
1776062248,0.0,0.0,0.0,0.0,0.0,0.03,0.08,2.31,-4.4557421,15.2881738,100.0,GUIDED
1776062249,0.0,0.0,0.0,0.0,0.0,0.03,0.08,2.31,-4.4557421,15.2881738,100.0,GUIDED
1776062249,0.0,0.0,0.0,0.0,0.0,0.03,0.08,2.31,-4.4557421,15.2881738,100.0,GUIDED
1776062250,0.0,0.0,0.0,0.0,0.0,0.03,0.08,2.3,-4.4557421,15.2881738,100.0,GUIDED
1776062250,0.0,0.0,0.0,0.0,0.0,0.03,0.08,2.3,-4.4557421,15.2881738,100.0,GUIDED
1776062251,0.0,0.0,0.0,0.0,0.0,0.03,0.08,2.3,-4.4557421,15.2881738,100.0,GUIDED
1776062252,0.0,0.0,0.0,0.0,0.0,0.03,0.08,2.29,-4.4557421,15.2881738,100.0,GUIDED
1776062252,0.0,0.0,0.0,0.0,0.0,0.04,0.08,2.29,-4.4557421,15.2881738,100.0,GUIDED
1776062253,0.0,0.0,0.0,0.0,0.0,0.04,0.08,2.29,-4.4557421,15.2881738,100.0,GUIDED
1776062253,0.0,0.0,0.0,0.0,0.0,0.04,0.08,2.29,-4.4557421,15.2881738,100.0,GUIDED
1776062254,0.0,0.0,0.0,0.0,0.0,0.04,0.08,2.29,-4.4557421,15.2881738,100.0,GUIDED
1776062254,0.0,0.0,0.0,0.0,0.0,0.04,0.08,2.28,-4.4557421,15.2881738,100.0,GUIDED
1776062255,0.0,0.0,0.0,0.0,0.0,0.04,0.08,2.28,-4.4557421,15.2881738,100.0,GUIDED
1776062255,0.0,0.0,0.0,0.0,0.0,0.04,0.08,2.28,-4.4557421,15.2881738,100.0,GUIDED
1776062256,0.0,0.0,0.0,0.0,0.0,0.04,0.08,2.28,-4.4557421,15.2881738,100.0,GUIDED
1776062256,0.0,0.0,0.0,0.0,0.0,0.04,0.08,2.28,-4.4557421,15.2881738,100.0,GUIDED
1776062257,0.0,0.0,0.0,0.0,0.0,0.04,0.08,2.28,-4.4557421,15.2881738,100.0,GUIDED
1776062257,0.0,0.0,0.0,0.0,0.0,0.04,0.08,2.28,-4.4557421,15.2881738,100.0,GUIDED
1776062258,0.0,0.0,0.0,0.0,0.0,0.04,0.08,2.27,-4.4557421,15.2881738,100.0,GUIDED
1776062258,0.0,0.0,0.0,0.0,0.0,0.04,0.08,2.27,-4.4557421,15.2881738,100.0,GUIDED
1776062259,0.0,0.0,0.0,0.0,0.0,0.04,0.08,2.27,-4.4557421,15.2881738,100.0,GUIDED
1776062259,0.0,0.0,0.0,0.0,0.0,0.04,0.08,2.27,-4.4557421,15.2881738,100.0,GUIDED
1776062260,0.0,0.0,0.0,0.0,0.0,0.04,0.08,2.27,-4.4557421,15.2881738,100.0,GUIDED
1776062260,0.0,0.0,0.0,0.0,0.0,0.04,0.08,2.27,-4.4557421,15.2881738,100.0,GUIDED
1776062261,0.0,0.0,0.0,0.0,0.0,0.04,0.08,2.27,-4.4557421,15.2881738,100.0,GUIDED
1776062262,0.0,0.0,0.0,0.0,0.0,0.04,0.08,2.26,-4.4557421,15.2881738,100.0,GUIDED
1776062262,0.0,0.0,0.0,0.0,0.0,0.04,0.08,2.26,-4.4557421,15.2881738,100.0,GUIDED
1776062263,0.0,0.0,0.0,0.0,0.0,0.04,0.08,2.26,-4.4557421,15.2881738,100.0,GUIDED
1776062263,0.0,0.0,0.0,0.0,0.0,0.04,0.08,2.26,-4.4557421,15.2881738,100.0,GUIDED
1776062264,0.0,0.0,0.0,0.0,0.0,0.04,0.08,2.26,-4.4557421,15.2881738,100.0,GUIDED
1776062264,0.0,0.0,0.0,0.0,0.0,0.04,0.08,2.26,-4.4557421,15.2881738,100.0,GUIDED
1776062265,0.0,0.0,0.0,0.0,0.0,0.04,0.08,2.26,-4.4557421,15.2881738,100.0,GUIDED
1776062265,0.0,0.0,0.0,0.0,0.0,0.04,0.08,2.25,-4.4557421,15.2881738,100.0,GUIDED
1776062266,0.0,0.0,0.0,0.0,0.0,0.04,0.08,2.25,-4.4557421,15.2881738,100.0,GUIDED
1776062266,0.0,0.0,0.0,0.0,0.0,0.04,0.08,2.25,-4.4557421,15.2881738,100.0,GUIDED
1776062267,0.0,0.0,0.0,0.0,0.0,0.04,0.08,2.25,-4.4557421,15.2881738,100.0,GUIDED
1776062267,0.0,0.0,0.0,0.0,0.0,0.04,0.08,2.25,-4.4557421,15.2881738,100.0,GUIDED
1776062268,0.0,0.0,0.0,0.0,0.0,0.04,0.08,2.25,-4.4557421,15.2881738,100.0,GUIDED
1776062268,0.0,0.0,0.0,0.0,0.0,0.04,0.08,2.25,-4.4557421,15.2881738,100.0,GUIDED
1776065883,0.0,0.0,0.0,0.0,0.0,0.01,0.04,0.07,-4.4557421,15.2881738,100.0,STABILIZE
1776065884,0.0,0.0,0.0,0.0,0.0,0.01,0.04,0.07,-4.4557421,15.2881738,100.0,STABILIZE
1776065884,0.0,0.0,0.0,0.0,0.0,0.01,0.04,0.07,-4.4557421,15.2881738,100.0,STABILIZE
1776065885,0.0,0.0,0.0,0.0,0.0,0.01,0.04,0.07,-4.4557421,15.2881738,100.0,STABILIZE
1776065885,0.0,0.0,0.0,0.0,0.0,0.01,0.04,0.07,-4.4557421,15.2881738,100.0,STABILIZE
1776065886,0.0,0.0,0.0,0.0,0.0,0.01,0.04,0.07,-4.4557421,15.2881738,100.0,STABILIZE
1776065886,0.0,0.0,0.0,0.0,0.0,0.01,0.04,0.07,-4.4557421,15.2881738,100.0,STABILIZE
1776065887,0.0,0.0,0.0,0.0,0.0,0.01,0.04,0.07,-4.4557421,15.2881738,100.0,GUIDED
1776065888,0.0,0.0,0.0,0.0,0.0,0.0,0.04,0.07,-4.4557421,15.2881738,100.0,GUIDED
1776065888,0.0,0.0,0.0,0.0,0.0,0.0,0.04,0.08,-4.4557421,15.2881738,100.0,GUIDED
1776065889,0.0,0.0,0.0,0.0,0.0,0.12,0.04,0.32,-4.4557421,15.2881738,100.0,GUIDED
1776065889,0.0,0.0,0.0,0.0,0.0,0.17,0.03,0.47,-4.4557421,15.2881738,100.0,GUIDED
1776065890,0.0,0.0,0.0,0.0,0.0,0.21,0.03,0.62,-4.4557421,15.2881738,100.0,GUIDED
1776065890,0.0,0.0,0.0,0.0,0.0,0.23,0.03,0.75,-4.4557421,15.2881738,100.0,GUIDED
1776065891,0.0,0.0,0.0,0.0,0.0,0.23,0.03,0.89,-4.4557421,15.2881738,100.0,GUIDED
1776065891,0.0,0.0,0.0,0.0,0.0,0.23,0.03,1.02,-4.4557421,15.2881738,100.0,GUIDED
1776065892,0.0,0.0,0.0,0.0,0.0,0.21,0.03,1.21,-4.4557421,15.2881738,100.0,GUIDED
1776065892,0.0,0.0,0.0,0.0,0.0,0.19,0.03,1.34,-4.4557421,15.2881738,100.0,GUIDED
1776065893,0.0,0.0,0.0,0.0,0.0,0.17,0.03,1.46,-4.4557421,15.2881738,100.0,GUIDED
1776065893,0.0,0.0,0.0,0.0,0.0,0.15,0.03,1.57,-4.4557421,15.2881738,100.0,GUIDED
1776065894,0.0,0.0,0.0,0.0,0.0,0.12,0.03,1.72,-4.4557421,15.2881738,100.0,GUIDED
1776065894,0.0,0.0,0.0,0.0,0.0,0.11,0.03,1.81,-4.4557421,15.2881738,100.0,GUIDED
1776065895,0.0,0.0,0.0,0.0,0.0,0.09,0.03,1.89,-4.4557421,15.2881738,100.0,GUIDED
1776065895,0.0,0.0,0.0,0.0,0.0,0.08,0.03,1.96,-4.4557421,15.2881738,100.0,GUIDED
1776065896,0.0,0.0,0.0,0.0,0.0,0.06,0.03,2.03,-4.4557421,15.2881738,100.0,GUIDED
1776065896,0.0,0.0,0.0,0.0,0.0,0.05,0.03,2.11,-4.4557421,15.2881738,100.0,GUIDED
1776065897,0.0,0.0,0.0,0.0,0.0,0.04,0.03,2.16,-4.4557421,15.2881738,100.0,GUIDED
1776065897,0.0,0.0,0.0,0.0,0.0,0.03,0.03,2.2,-4.4557421,15.2881738,100.0,GUIDED
1776065898,0.0,0.0,0.0,0.0,0.0,0.02,0.03,2.25,-4.4557421,15.2881738,100.0,GUIDED
1776065898,0.0,0.0,0.0,0.0,0.0,0.01,0.04,2.29,-4.4557421,15.2881738,100.0,GUIDED
1776065899,0.0,0.0,0.0,0.0,0.0,0.01,0.04,2.31,-4.4557421,15.2881738,100.0,GUIDED
1776065899,0.0,0.0,0.0,0.0,0.0,0.0,0.04,2.33,-4.4557421,15.2881738,100.0,GUIDED
1776065900,0.0,0.0,0.0,0.0,0.0,0.0,0.04,2.35,-4.4557421,15.2881738,100.0,GUIDED
1776065900,0.0,0.0,0.0,0.0,0.0,-0.0,0.04,2.38,-4.4557421,15.2881738,100.0,GUIDED
1776065901,0.0,0.0,0.0,0.0,0.0,-0.0,0.04,2.39,-4.4557421,15.2881738,100.0,GUIDED
1776065901,0.0,0.0,0.0,0.0,0.0,-0.0,0.04,2.4,-4.4557421,15.2881738,100.0,GUIDED
1776065902,0.0,0.0,0.0,0.0,0.0,-0.0,0.04,2.41,-4.4557421,15.2881738,100.0,GUIDED
1776065902,0.0,0.0,0.0,0.0,0.0,-0.0,0.04,2.42,-4.4557421,15.2881738,100.0,GUIDED
1776065903,0.0,0.0,0.0,0.0,0.0,0.0,0.04,2.43,-4.4557421,15.2881738,100.0,GUIDED
1776065904,0.0,0.0,0.0,0.0,0.0,0.0,0.05,2.43,-4.4557421,15.2881738,100.0,GUIDED
1776065904,0.0,0.0,0.0,0.0,0.0,0.0,0.05,2.44,-4.4557421,15.2881738,100.0,GUIDED
1776065905,0.0,0.0,0.0,0.0,0.0,0.0,0.05,2.44,-4.4557421,15.2881738,100.0,GUIDED
1776065905,0.0,0.0,0.0,0.0,0.0,0.0,0.05,2.44,-4.4557421,15.2881738,100.0,GUIDED
1776065906,0.0,0.0,0.0,0.0,0.0,0.0,0.05,2.44,-4.4557421,15.2881738,100.0,GUIDED
1776065906,0.0,0.0,0.0,0.0,0.0,0.0,0.05,2.44,-4.4557421,15.2881738,100.0,GUIDED
1776065907,0.0,0.0,0.0,0.0,0.0,0.0,0.05,2.44,-4.4557421,15.2881738,100.0,GUIDED
1776065907,0.0,0.0,0.0,0.0,0.0,0.0,0.05,2.44,-4.4557421,15.2881738,100.0,GUIDED
1776065908,0.0,0.0,0.0,0.0,0.0,0.01,0.05,2.44,-4.4557421,15.2881738,100.0,GUIDED
1776065908,0.0,0.0,0.0,0.0,0.0,0.01,0.05,2.44,-4.4557421,15.2881738,100.0,GUIDED
1776065909,0.0,0.0,0.0,0.0,0.0,0.01,0.05,2.44,-4.4557421,15.2881738,100.0,GUIDED
1776065909,0.0,0.0,0.0,0.0,0.0,0.01,0.05,2.44,-4.4557421,15.2881738,100.0,GUIDED
1776065910,0.0,0.0,0.0,0.0,0.0,0.01,0.05,2.44,-4.4557421,15.2881738,100.0,GUIDED
1776065910,0.0,0.0,0.0,0.0,0.0,0.01,0.05,2.43,-4.4557421,15.2881738,100.0,GUIDED
1776065911,0.0,0.0,0.0,0.0,0.0,0.01,0.05,2.43,-4.4557421,15.2881738,100.0,GUIDED
1776065911,0.0,0.0,0.0,0.0,0.0,0.01,0.06,2.43,-4.4557421,15.2881738,100.0,GUIDED
1776065912,0.0,0.0,0.0,0.0,0.0,0.01,0.06,2.43,-4.4557421,15.2881738,100.0,GUIDED
1776065912,0.0,0.0,0.0,0.0,0.0,0.01,0.06,2.43,-4.4557421,15.2881738,100.0,GUIDED
1776065913,0.0,0.0,0.0,0.0,0.0,0.01,0.06,2.42,-4.4557421,15.2881738,100.0,GUIDED
1776065913,0.0,0.0,0.0,0.0,0.0,0.01,0.06,2.42,-4.4557421,15.2881738,100.0,GUIDED
1776065914,0.0,0.0,0.0,0.0,0.0,0.01,0.06,2.42,-4.4557421,15.2881738,100.0,GUIDED
1776065914,0.0,0.0,0.0,0.0,0.0,0.01,0.06,2.42,-4.4557421,15.2881738,100.0,GUIDED
1776065915,0.0,0.0,0.0,0.0,0.0,0.01,0.06,2.41,-4.4557421,15.2881738,100.0,GUIDED
1776065915,0.0,0.0,0.0,0.0,0.0,0.01,0.06,2.41,-4.4557421,15.2881738,100.0,GUIDED
1776065916,0.0,0.0,0.0,0.0,0.0,0.01,0.06,2.41,-4.4557421,15.2881738,100.0,GUIDED
1776065917,0.0,0.0,0.0,0.0,0.0,0.01,0.06,2.41,-4.4557421,15.2881738,100.0,GUIDED
1776065917,0.0,0.0,0.0,0.0,0.0,0.01,0.06,2.4,-4.4557421,15.2881738,100.0,GUIDED
1776065918,0.0,0.0,0.0,0.0,0.0,0.01,0.06,2.4,-4.4557421,15.2881738,100.0,GUIDED
1776065918,0.0,0.0,0.0,0.0,0.0,0.01,0.06,2.4,-4.4557421,15.2881738,100.0,GUIDED
1776065919,0.0,0.0,0.0,0.0,0.0,0.01,0.06,2.39,-4.4557421,15.2881738,100.0,GUIDED
1776065919,0.0,0.0,0.0,0.0,0.0,0.02,0.07,2.39,-4.4557421,15.2881738,100.0,GUIDED
1776065920,0.0,0.0,0.0,0.0,0.0,0.02,0.07,2.39,-4.4557421,15.2881738,100.0,GUIDED
1776065920,0.0,0.0,0.0,0.0,0.0,0.02,0.07,2.38,-4.4557421,15.2881738,100.0,GUIDED
1776065921,0.0,0.0,0.0,0.0,0.0,0.02,0.07,2.38,-4.4557421,15.2881738,100.0,GUIDED
1776065921,0.0,0.0,0.0,0.0,0.0,0.02,0.07,2.38,-4.4557421,15.2881738,100.0,GUIDED
1776065922,0.0,0.0,0.0,0.0,0.0,0.02,0.07,2.37,-4.4557421,15.2881738,100.0,GUIDED
1776065922,0.0,0.0,0.0,0.0,0.0,0.02,0.07,2.37,-4.4557421,15.2881738,100.0,GUIDED
1776065923,0.0,0.0,0.0,0.0,0.0,0.02,0.07,2.37,-4.4557421,15.2881738,100.0,GUIDED
1776065923,0.0,0.0,0.0,0.0,0.0,0.02,0.07,2.36,-4.4557421,15.2881738,100.0,GUIDED
1776065924,0.0,0.0,0.0,0.0,0.0,0.02,0.07,2.36,-4.4557421,15.2881738,100.0,GUIDED
1776065924,0.0,0.0,0.0,0.0,0.0,0.03,0.07,2.36,-4.4557421,15.2881738,100.0,GUIDED
1776065925,0.0,0.0,0.0,0.0,0.0,0.03,0.07,2.35,-4.4557421,15.2881738,100.0,GUIDED
1776065925,0.0,0.0,0.0,0.0,0.0,0.03,0.07,2.35,-4.4557421,15.2881738,100.0,GUIDED
1776065926,0.0,0.0,0.0,0.0,0.0,0.03,0.07,2.35,-4.4557421,15.2881738,100.0,GUIDED
1776065926,0.0,0.0,0.0,0.0,0.0,0.03,0.07,2.35,-4.4557421,15.2881738,100.0,GUIDED
1776065927,0.0,0.0,0.0,0.0,0.0,0.03,0.07,2.34,-4.4557421,15.2881738,100.0,GUIDED
1776065927,0.0,0.0,0.0,0.0,0.0,0.03,0.07,2.34,-4.4557421,15.2881738,100.0,GUIDED
1776065928,0.0,0.0,0.0,0.0,0.0,0.03,0.07,2.34,-4.4557421,15.2881738,100.0,GUIDED
1776065929,0.0,0.0,0.0,0.0,0.0,0.03,0.07,2.33,-4.4557421,15.2881738,100.0,GUIDED
1776065929,0.0,0.0,0.0,0.0,0.0,0.03,0.07,2.33,-4.4557421,15.2881738,100.0,GUIDED
1776065930,0.0,0.0,0.0,0.0,0.0,0.03,0.08,2.33,-4.4557421,15.2881738,100.0,GUIDED
1776065930,0.0,0.0,0.0,0.0,0.0,0.03,0.08,2.33,-4.4557421,15.2881738,100.0,GUIDED
1776065931,0.0,0.0,0.0,0.0,0.0,0.03,0.07,2.33,-4.4557421,15.2881738,100.0,GUIDED
1776065931,0.0,0.0,0.0,0.0,0.0,0.03,0.07,2.33,-4.4557421,15.2881738,100.0,GUIDED
1776065932,0.0,0.0,0.0,0.0,0.0,0.03,0.08,2.32,-4.4557421,15.2881738,100.0,GUIDED
1776065932,0.0,0.0,0.0,0.0,0.0,0.03,0.08,2.32,-4.4557421,15.2881738,100.0,GUIDED
1776065933,0.0,0.0,0.0,0.0,0.0,0.03,0.07,2.32,-4.4557421,15.2881738,100.0,GUIDED
1776065933,0.0,0.0,0.0,0.0,0.0,0.03,0.07,2.31,-4.4557421,15.2881738,100.0,GUIDED
1776065934,0.0,0.0,0.0,0.0,0.0,0.03,0.08,2.31,-4.4557421,15.2881738,100.0,GUIDED
1776065934,0.0,0.0,0.0,0.0,0.0,0.03,0.08,2.31,-4.4557421,15.2881738,100.0,GUIDED
1776065935,0.0,0.0,0.0,0.0,0.0,0.03,0.08,2.31,-4.4557421,15.2881738,100.0,GUIDED
1776065935,0.0,0.0,0.0,0.0,0.0,0.03,0.08,2.3,-4.4557421,15.2881738,100.0,GUIDED
1776065936,0.0,0.0,0.0,0.0,0.0,0.03,0.08,2.3,-4.4557421,15.2881738,100.0,GUIDED
1776065936,0.0,0.0,0.0,0.0,0.0,0.03,0.07,2.3,-4.4557421,15.2881738,100.0,GUIDED
1776065937,0.0,0.0,0.0,0.0,0.0,0.03,0.08,2.3,-4.4557421,15.2881738,100.0,GUIDED
1776065937,0.0,0.0,0.0,0.0,0.0,0.03,0.08,2.29,-4.4557421,15.2881738,100.0,GUIDED
1776065938,0.0,0.0,0.0,0.0,0.0,0.04,0.08,2.29,-4.4557421,15.2881738,100.0,GUIDED
1776065938,0.0,0.0,0.0,0.0,0.0,0.04,0.08,2.29,-4.4557421,15.2881738,100.0,GUIDED
1776065939,0.0,0.0,0.0,0.0,0.0,0.04,0.08,2.29,-4.4557421,15.2881738,100.0,GUIDED
1776065939,0.0,0.0,0.0,0.0,0.0,0.04,0.08,2.29,-4.4557421,15.2881738,100.0,GUIDED
1776065940,0.0,0.0,0.0,0.0,0.0,0.04,0.08,2.28,-4.4557421,15.2881738,100.0,GUIDED
1776065940,0.0,0.0,0.0,0.0,0.0,0.04,0.08,2.28,-4.4557421,15.2881738,100.0,GUIDED
1776065941,0.0,0.0,0.0,0.0,0.0,0.04,0.08,2.28,-4.4557421,15.2881738,100.0,GUIDED
1776065941,0.0,0.0,0.0,0.0,0.0,0.04,0.08,2.28,-4.4557421,15.2881738,100.0,GUIDED
1776065942,0.0,0.0,0.0,0.0,0.0,0.04,0.08,2.28,-4.4557421,15.2881738,100.0,GUIDED
1776066050,0.0,0.0,0.0,0.0,0.0,0.01,0.04,0.07,-4.4557421,15.2881738,100.0,STABILIZE
1776066051,0.0,0.0,0.0,0.0,0.0,0.01,0.04,0.07,-4.4557421,15.2881738,100.0,STABILIZE
1776066051,0.0,0.0,0.0,0.0,0.0,0.01,0.04,0.07,-4.4557421,15.2881738,100.0,STABILIZE
1776066052,0.0,0.0,0.0,0.0,0.0,0.01,0.04,0.07,-4.4557421,15.2881738,100.0,STABILIZE
1776066052,0.0,0.0,0.0,0.0,0.0,0.01,0.04,0.07,-4.4557421,15.2881738,100.0,STABILIZE
1776066053,0.0,0.0,0.0,0.0,0.0,0.01,0.04,0.07,-4.4557421,15.2881738,100.0,STABILIZE
1776066053,0.0,0.0,0.0,0.0,0.0,0.01,0.04,0.07,-4.4557421,15.2881738,100.0,STABILIZE
1776066054,0.0,0.0,0.0,0.0,0.0,0.01,0.04,0.07,-4.4557421,15.2881738,100.0,GUIDED
1776066054,0.0,0.0,0.0,0.0,0.0,0.0,0.04,0.07,-4.4557421,15.2881738,100.0,GUIDED
1776066055,0.0,0.0,0.0,0.0,0.0,0.0,0.04,0.08,-4.4557421,15.2881738,100.0,GUIDED
1776066055,0.0,0.0,0.0,0.0,0.0,0.09,0.04,0.24,-4.4557421,15.2881738,100.0,GUIDED
1776066056,0.0,0.0,0.0,0.0,0.0,0.15,0.04,0.4,-4.4557421,15.2881738,100.0,GUIDED
1776066056,0.0,0.0,0.0,0.0,0.0,0.19,0.03,0.54,-4.4557421,15.2881738,100.0,GUIDED
1776066057,0.0,0.0,0.0,0.0,0.0,0.22,0.03,0.69,-4.4557421,15.2881738,100.0,GUIDED
1776066057,0.0,0.0,0.0,0.0,0.0,0.23,0.03,0.82,-4.4557421,15.2881738,100.0,GUIDED
1776066058,0.0,0.0,0.0,0.0,0.0,0.23,0.03,1.02,-4.4557421,15.2881738,100.0,GUIDED
1776066058,0.0,0.0,0.0,0.0,0.0,0.22,0.03,1.15,-4.4557421,15.2881738,100.0,GUIDED
1776066059,0.0,0.0,0.0,0.0,0.0,0.2,0.03,1.28,-4.4557421,15.2881738,100.0,GUIDED
1776066059,0.0,0.0,0.0,0.0,0.0,0.19,0.03,1.4,-4.4557421,15.2881738,100.0,GUIDED
1776066060,0.0,0.0,0.0,0.0,0.0,0.17,0.03,1.51,-4.4557421,15.2881738,100.0,GUIDED
1776066060,0.0,0.0,0.0,0.0,0.0,0.14,0.03,1.62,-4.4557421,15.2881738,100.0,GUIDED
1776066061,0.0,0.0,0.0,0.0,0.0,0.13,0.03,1.72,-4.4557421,15.2881738,100.0,GUIDED
1776066062,0.0,0.0,0.0,0.0,0.0,0.1,0.03,1.85,-4.4557421,15.2881738,100.0,GUIDED
1776066062,0.0,0.0,0.0,0.0,0.0,0.08,0.03,1.93,-4.4557421,15.2881738,100.0,GUIDED
1776066063,0.0,0.0,0.0,0.0,0.0,0.07,0.03,2.0,-4.4557421,15.2881738,100.0,GUIDED
1776066063,0.0,0.0,0.0,0.0,0.0,0.06,0.03,2.06,-4.4557421,15.2881738,100.0,GUIDED
1776066064,0.0,0.0,0.0,0.0,0.0,0.04,0.03,2.14,-4.4557421,15.2881738,100.0,GUIDED
1776066064,0.0,0.0,0.0,0.0,0.0,0.03,0.03,2.18,-4.4557421,15.2881738,100.0,GUIDED
1776066065,0.0,0.0,0.0,0.0,0.0,0.03,0.04,2.22,-4.4557421,15.2881738,100.0,GUIDED
1776066065,0.0,0.0,0.0,0.0,0.0,0.02,0.04,2.25,-4.4557421,15.2881738,100.0,GUIDED
1776066066,0.0,0.0,0.0,0.0,0.0,0.01,0.04,2.29,-4.4557421,15.2881738,100.0,GUIDED
1776066066,0.0,0.0,0.0,0.0,0.0,0.01,0.04,2.32,-4.4557421,15.2881738,100.0,GUIDED
1776066067,0.0,0.0,0.0,0.0,0.0,0.0,0.04,2.34,-4.4557421,15.2881738,100.0,GUIDED
1776066067,0.0,0.0,0.0,0.0,0.0,0.0,0.04,2.36,-4.4557421,15.2881738,100.0,GUIDED
1776066068,0.0,0.0,0.0,0.0,0.0,0.0,0.04,2.38,-4.4557421,15.2881738,100.0,GUIDED
1776066068,0.0,0.0,0.0,0.0,0.0,-0.0,0.04,2.4,-4.4557421,15.2881738,100.0,GUIDED
1776066069,0.0,0.0,0.0,0.0,0.0,-0.0,0.04,2.41,-4.4557421,15.2881738,100.0,GUIDED
1776066069,0.0,0.0,0.0,0.0,0.0,-0.0,0.04,2.42,-4.4557421,15.2881738,100.0,GUIDED
1776066070,0.0,0.0,0.0,0.0,0.0,0.0,0.04,2.42,-4.4557421,15.2881738,100.0,GUIDED
1776066070,0.0,0.0,0.0,0.0,0.0,0.0,0.04,2.43,-4.4557421,15.2881738,100.0,GUIDED
1776066071,0.0,0.0,0.0,0.0,0.0,0.0,0.05,2.44,-4.4557421,15.2881738,100.0,GUIDED
1776066071,0.0,0.0,0.0,0.0,0.0,0.0,0.05,2.44,-4.4557421,15.2881738,100.0,GUIDED
1776066072,0.0,0.0,0.0,0.0,0.0,0.0,0.05,2.44,-4.4557421,15.2881738,100.0,GUIDED
1776066072,0.0,0.0,0.0,0.0,0.0,0.0,0.05,2.44,-4.4557421,15.2881738,100.0,GUIDED
1776066073,0.0,0.0,0.0,0.0,0.0,0.0,0.05,2.44,-4.4557421,15.2881738,100.0,GUIDED
1776066073,0.0,0.0,0.0,0.0,0.0,0.0,0.05,2.44,-4.4557421,15.2881738,100.0,GUIDED
1776066074,0.0,0.0,0.0,0.0,0.0,0.0,0.05,2.44,-4.4557421,15.2881738,100.0,GUIDED
1776066074,0.0,0.0,0.0,0.0,0.0,0.0,0.05,2.44,-4.4557421,15.2881738,100.0,GUIDED
1776066075,0.0,0.0,0.0,0.0,0.0,0.0,0.05,2.44,-4.4557421,15.2881738,100.0,GUIDED
1776066075,0.0,0.0,0.0,0.0,0.0,0.02,0.07,0.02,-4.4557421,15.2881738,99.0,GUIDED
1776066076,0.0,0.0,0.0,0.0,0.0,0.08,0.12,0.07,-4.4557422,15.2881738,99.0,GUIDED
1776066076,0.0,0.0,0.0,0.0,0.0,0.05,0.0,0.03,-4.4557423,15.2881738,99.0,GUIDED
1776066077,0.0,0.0,0.0,0.0,0.0,-0.0,-0.08,0.0,-4.4557424,15.2881738,99.0,GUIDED
1776066078,0.01,0.01,0.0,0.0,0.0,-0.17,-0.29,0.01,-4.4557425,15.2881739,99.0,GUIDED
1776066078,0.07,0.03,0.0,0.0,0.0,-0.25,-0.29,0.16,-4.4557424,15.2881739,99.0,GUIDED
1776066079,0.45,0.07,0.0,0.0,0.0,-0.13,-0.08,0.27,-4.4557423,15.2881738,99.0,GUIDED
1776066079,1.49,0.09,0.0,0.0,0.0,0.25,0.05,0.12,-4.4557421,15.2881736,99.0,GUIDED
1776066080,2.38,0.08,0.0,0.0,0.0,0.12,0.28,-0.58,-4.4557421,15.2881736,99.0,GUIDED
1776066080,3.35,0.05,0.0,0.0,0.0,0.07,0.13,-0.7,-4.455742,15.2881735,99.0,GUIDED
1776066081,4.36,0.04,0.0,0.0,0.0,0.14,-0.03,-0.33,-4.4557419,15.2881734,99.0,GUIDED
1776066081,5.42,0.04,0.0,0.0,0.0,0.16,-0.08,-0.37,-4.4557417,15.2881734,98.0,GUIDED
1776066082,6.5,0.04,0.0,0.0,0.0,0.08,0.24,-0.46,-4.4557415,15.2881734,98.0,GUIDED
1776066082,7.61,0.02,0.0,0.0,0.0,0.23,0.38,-0.45,-4.4557414,15.2881733,98.0,GUIDED
1776066083,8.72,0.02,0.0,0.0,0.0,0.26,0.37,-0.44,-4.4557414,15.2881732,98.0,GUIDED
1776066083,9.84,0.04,0.0,0.0,0.0,0.3,0.16,-0.36,-4.4557414,15.2881733,98.0,GUIDED
1776066084,11.5,0.06,0.0,0.0,0.0,-0.04,0.24,-0.78,-4.4557414,15.2881734,98.0,GUIDED
1776066084,12.55,0.06,0.0,0.0,0.0,-0.01,0.23,-0.52,-4.4557415,15.2881736,98.0,GUIDED
1776066085,13.44,0.06,0.0,0.0,0.0,0.08,0.24,-0.39,-4.4557415,15.2881736,98.0,GUIDED
1776066085,14.09,0.07,0.0,0.0,0.0,0.11,0.21,-0.48,-4.4557416,15.2881737,97.0,GUIDED
1776066086,14.47,0.07,0.0,0.0,0.0,0.09,0.32,-0.56,-4.4557418,15.2881738,97.0,GUIDED
1776066086,14.67,0.08,0.0,0.0,0.0,-0.06,-0.23,-0.51,-4.4557419,15.2881738,97.0,GUIDED
1776066087,14.77,0.05,0.0,0.0,0.0,-0.04,-4.99,-0.18,-4.4557418,15.2881739,97.0,GUIDED
1776066087,14.83,0.35,0.0,0.0,0.0,-0.11,-7.84,-0.17,-4.4557403,15.288174,97.0,GUIDED
1776066088,14.88,0.74,0.0,0.0,0.0,-0.09,-8.14,-0.31,-4.4557368,15.288174,97.0,GUIDED
1776066088,14.94,1.3,0.0,0.0,0.0,-0.18,-9.31,0.13,-4.4557288,15.288174,97.0,GUIDED
1776066089,14.96,1.56,0.0,0.0,0.0,0.02,-11.51,-0.13,-4.4557218,15.288174,97.0,GUIDED
1776066089,14.97,1.87,0.0,0.0,0.0,0.22,-13.37,-0.18,-4.4557132,15.2881739,97.0,GUIDED
1776066090,14.98,2.39,0.0,0.0,0.0,0.08,-13.82,-0.04,-4.4557028,15.2881739,96.0,GUIDED
1776066090,14.98,2.81,0.0,0.0,0.0,0.26,-13.89,-0.24,-4.4556846,15.2881739,96.0,GUIDED
1776066091,14.98,3.1,0.0,0.0,0.0,0.19,-14.49,-0.18,-4.4556712,15.2881739,96.0,GUIDED
1776066091,14.98,3.27,0.0,0.0,0.0,-0.01,-15.3,0.16,-4.4556569,15.288174,96.0,GUIDED
1776066092,14.98,3.54,0.0,0.0,0.0,-0.14,-15.98,0.16,-4.4556417,15.288174,96.0,GUIDED
1776066092,14.98,3.72,0.0,0.0,0.0,0.05,-16.48,0.16,-4.4556256,15.288174,96.0,GUIDED
1776066093,14.98,3.88,0.0,0.0,0.0,0.35,-16.8,-0.27,-4.4556086,15.2881739,96.0,GUIDED
1776066094,14.97,4.15,0.0,0.0,0.0,0.44,-17.31,-0.18,-4.455582,15.288174,96.0,GUIDED
1776066094,14.97,4.28,0.0,0.0,0.0,0.45,-17.66,-0.19,-4.4555634,15.2881741,96.0,GUIDED
1776066095,14.97,4.45,0.0,0.0,0.0,0.16,-17.91,-0.15,-4.4555443,15.2881743,95.0,GUIDED
1776066095,14.96,4.55,0.0,0.0,0.0,0.08,-17.61,-0.05,-4.4555248,15.2881744,95.0,GUIDED
1776066096,14.96,4.62,0.0,0.0,0.0,0.29,-16.28,-0.21,-4.455505,15.2881745,95.0,GUIDED
1776066096,14.97,4.58,0.0,0.0,0.0,0.38,-14.76,-0.33,-4.4554854,15.2881746,95.0,GUIDED
1776066097,14.97,4.46,0.0,0.0,0.0,0.21,-13.05,-0.03,-4.4554664,15.2881746,95.0,GUIDED
1776066097,14.97,4.04,0.0,0.0,0.0,-0.03,-9.71,0.13,-4.4554401,15.2881748,95.0,GUIDED
1776066098,14.96,3.74,0.0,0.0,0.0,-0.2,-7.98,0.06,-4.4554245,15.2881748,95.0,GUIDED
1776066098,14.96,3.24,0.0,0.0,0.0,-0.05,-6.31,-0.23,-4.4554107,15.2881748,95.0,GUIDED
1776066099,14.96,2.9,0.0,0.0,0.0,-0.08,-3.95,0.15,-4.4553988,15.2881747,95.0,GUIDED
1776066099,14.96,2.31,0.0,0.0,0.0,0.09,0.09,1.84,-4.4553888,15.2881747,94.0,GUIDED
1776066100,14.95,1.78,0.0,0.0,0.0,0.62,3.67,16.32,-4.4553816,15.2881747,94.0,GUIDED
1776066100,14.95,1.17,0.0,0.0,0.0,1.7,2.13,34.72,-4.4553774,15.2881746,94.0,GUIDED
1776066101,14.95,0.56,0.0,0.0,0.0,3.87,-0.19,53.52,-4.4553751,15.2881747,94.0,GUIDED
1776066101,14.95,0.3,0.0,0.0,0.0,5.16,-2.07,72.53,-4.4553743,15.2881756,94.0,GUIDED
1776066102,14.95,0.42,0.0,0.0,0.0,4.52,-3.78,91.76,-4.455375,15.2881774,94.0,GUIDED
1776066102,14.96,0.76,0.0,0.0,0.0,2.46,-6.33,120.75,-4.4553782,15.2881813,94.0,GUIDED
1776066103,14.96,1.08,0.0,0.0,0.0,-0.24,-8.52,137.89,-4.4553815,15.2881847,94.0,GUIDED
1776066103,14.96,1.34,0.0,0.0,0.0,-1.44,-11.08,138.39,-4.4553858,15.2881891,94.0,GUIDED
1776066104,14.96,1.68,0.0,0.0,0.0,0.64,-13.03,134.21,-4.4553912,15.2881949,93.0,GUIDED
1776066104,14.96,2.24,0.0,0.0,0.0,1.53,-14.12,134.52,-4.455398,15.288202,93.0,GUIDED
1776066105,14.96,2.59,0.0,0.0,0.0,0.91,-14.34,135.82,-4.4554064,15.28821,93.0,GUIDED
1776066105,14.97,2.99,0.0,0.0,0.0,0.47,-14.5,135.64,-4.4554207,15.2882235,93.0,GUIDED
1776066106,14.97,3.29,0.0,0.0,0.0,0.86,-15.4,135.09,-4.4554312,15.2882334,93.0,GUIDED
1776066106,14.97,3.57,0.0,0.0,0.0,0.86,-16.0,134.99,-4.4554424,15.2882438,93.0,GUIDED
1776066107,14.97,3.75,0.0,0.0,0.0,0.74,-16.45,135.31,-4.4554542,15.2882549,93.0,GUIDED
1776066107,14.97,3.91,0.0,0.0,0.0,0.51,-16.92,135.58,-4.4554667,15.2882666,93.0,GUIDED
1776066108,14.98,4.12,0.0,0.0,0.0,0.56,-17.26,135.4,-4.4554797,15.2882787,93.0,GUIDED
1776066108,14.98,4.25,0.0,0.0,0.0,0.49,-17.48,135.2,-4.4554931,15.2882914,92.0,GUIDED
1776066109,14.98,4.44,0.0,0.0,0.0,0.45,-17.15,135.37,-4.4555138,15.288311,92.0,GUIDED
1776066109,14.99,4.5,0.0,0.0,0.0,0.33,-17.37,135.38,-4.4555279,15.2883244,92.0,GUIDED
1776066110,14.99,4.57,0.0,0.0,0.0,0.16,-17.72,135.55,-4.4555421,15.2883379,92.0,GUIDED
1776066111,14.99,4.63,0.0,0.0,0.0,0.02,-17.91,135.52,-4.4555564,15.2883518,92.0,GUIDED
1776066111,14.99,4.69,0.0,0.0,0.0,0.32,-18.11,135.05,-4.455571,15.2883659,92.0,GUIDED
1776066112,14.99,4.78,0.0,0.0,0.0,0.56,-18.12,134.84,-4.4555857,15.2883802,92.0,GUIDED
1776066112,15.0,4.84,0.0,0.0,0.0,0.14,-18.12,135.26,-4.455608,15.288402,92.0,GUIDED
1776066113,15.0,4.88,0.0,0.0,0.0,0.14,-18.29,135.05,-4.455623,15.2884167,91.0,GUIDED
1776066113,15.0,4.91,0.0,0.0,0.0,0.11,-17.97,135.28,-4.4556379,15.2884315,91.0,GUIDED
1776066114,15.0,4.91,0.0,0.0,0.0,0.13,-16.71,135.29,-4.4556529,15.2884464,91.0,GUIDED
1776066114,15.01,4.83,0.0,0.0,0.0,0.24,-15.01,135.4,-4.4556675,15.288461,91.0,GUIDED
1776066115,15.01,4.67,0.0,0.0,0.0,0.33,-13.16,135.42,-4.4556816,15.2884749,91.0,GUIDED
1776066115,15.01,4.33,0.0,0.0,0.0,0.26,-10.88,135.05,-4.4556948,15.2884879,91.0,GUIDED
1776066116,15.01,4.02,0.0,0.0,0.0,0.23,-8.48,134.89,-4.4557069,15.2884998,91.0,GUIDED
1776066116,15.01,3.46,0.0,0.0,0.0,0.17,-6.62,135.09,-4.4557176,15.2885104,91.0,GUIDED
1776066117,15.01,3.08,0.0,0.0,0.0,0.2,-4.32,135.3,-4.4557269,15.2885195,91.0,GUIDED
1776066117,15.01,2.66,0.0,0.0,0.0,-0.07,-0.81,135.32,-4.4557346,15.288527,90.0,GUIDED
1776066118,15.01,1.58,0.0,0.0,0.0,5.23,2.51,151.44,-4.4557425,15.2885345,90.0,GUIDED
1776066118,15.01,1.02,0.0,0.0,0.0,7.43,-2.56,169.52,-4.4557462,15.2885359,90.0,GUIDED
1776066119,15.01,0.9,0.0,0.0,0.0,4.97,-6.3,-171.35,-4.45575,15.288535,90.0,GUIDED
1776066119,15.01,1.12,0.0,0.0,0.0,2.12,-8.41,-151.97,-4.4557544,15.2885325,90.0,GUIDED
1776066120,15.01,1.48,0.0,0.0,0.0,-0.78,-10.73,-134.05,-4.4557597,15.288529,90.0,GUIDED
1776066120,15.01,1.79,0.0,0.0,0.0,-2.21,-12.45,-131.5,-4.455766,15.2885242,90.0,GUIDED
1776066121,15.01,2.13,0.0,0.0,0.0,0.4,-13.69,-136.06,-4.4557737,15.2885183,90.0,GUIDED
1776066121,15.02,2.72,0.0,0.0,0.0,1.93,-13.72,-135.35,-4.4557868,15.2885068,90.0,GUIDED
1776066122,15.02,2.93,0.0,0.0,0.0,1.16,-14.17,-134.67,-4.4557959,15.2884976,89.0,GUIDED
1776066122,15.02,3.2,0.0,0.0,0.0,0.88,-14.9,-135.09,-4.4558054,15.2884875,89.0,GUIDED
1776066123,15.02,3.38,0.0,0.0,0.0,1.13,-15.54,-135.23,-4.4558155,15.2884767,89.0,GUIDED
1776066123,15.01,3.63,0.0,0.0,0.0,1.08,-16.15,-134.87,-4.4558261,15.2884651,89.0,GUIDED
1776066124,15.01,3.8,0.0,0.0,0.0,0.83,-16.52,-134.82,-4.4558372,15.2884529,89.0,GUIDED
1776066125,15.02,3.94,0.0,0.0,0.0,0.77,-17.04,-134.99,-4.4558487,15.2884402,89.0,GUIDED
1776066125,15.01,4.21,0.0,0.0,0.0,1.01,-17.2,-135.56,-4.4558668,15.2884202,89.0,GUIDED
1776066126,15.01,4.32,0.0,0.0,0.0,0.87,-17.1,-135.27,-4.4558794,15.2884064,89.0,GUIDED
1776066126,15.01,4.42,0.0,0.0,0.0,0.44,-17.4,-134.91,-4.4558922,15.2883923,89.0,GUIDED
1776066127,15.01,4.48,0.0,0.0,0.0,0.41,-17.7,-135.24,-4.4559053,15.2883781,88.0,GUIDED
1776066127,15.01,4.58,0.0,0.0,0.0,0.31,-17.93,-135.08,-4.4559187,15.2883636,88.0,GUIDED
1776066128,15.0,4.68,0.0,0.0,0.0,0.06,-18.01,-135.0,-4.4559394,15.2883417,88.0,GUIDED
1776066128,15.0,4.75,0.0,0.0,0.0,0.25,-17.91,-135.26,-4.4559536,15.2883269,88.0,GUIDED
1776066129,15.0,4.78,0.0,0.0,0.0,0.26,-18.06,-134.97,-4.455968,15.2883121,88.0,GUIDED
1776066129,15.0,4.81,0.0,0.0,0.0,0.19,-18.37,-134.97,-4.4559824,15.2882973,88.0,GUIDED
1776066130,15.0,4.86,0.0,0.0,0.0,0.18,-18.11,-135.27,-4.455997,15.2882823,88.0,GUIDED
1776066130,15.0,4.87,0.0,0.0,0.0,0.12,-16.27,-135.41,-4.456019,15.2882598,88.0,GUIDED
1776066131,15.0,4.73,0.0,0.0,0.0,0.06,-14.66,-135.31,-4.4560333,15.2882453,87.0,GUIDED
1776066131,15.01,4.56,0.0,0.0,0.0,0.05,-12.76,-134.83,-4.456047,15.2882314,87.0,GUIDED
1776066132,15.01,4.19,0.0,0.0,0.0,0.16,-10.34,-135.17,-4.4560598,15.2882185,87.0,GUIDED
1776066132,15.01,3.86,0.0,0.0,0.0,0.21,-8.14,-135.21,-4.4560714,15.2882068,87.0,GUIDED
1776066133,15.0,3.49,0.0,0.0,0.0,0.06,-6.33,-134.99,-4.4560816,15.2881965,87.0,GUIDED
1776066133,15.0,2.92,0.0,0.0,0.0,0.02,-4.01,-135.05,-4.4560904,15.2881876,87.0,GUIDED
1776066134,15.0,2.51,0.0,0.0,0.0,0.24,-0.25,-135.07,-4.4560977,15.2881803,87.0,GUIDED
1776066134,15.0,1.72,0.0,0.0,0.0,0.13,3.56,-135.07,-4.4561029,15.288175,87.0,GUIDED
1776066135,14.99,1.12,0.0,0.0,0.0,1.43,1.87,-128.87,-4.4561061,15.2881718,87.0,GUIDED
1776066135,15.0,0.73,0.0,0.0,0.0,6.52,-1.9,-112.27,-4.4561076,15.2881696,87.0,GUIDED
1776066136,14.99,0.81,0.0,0.0,0.0,5.74,-5.57,-83.73,-4.4561062,15.288165,86.0,GUIDED
1776066136,14.99,1.07,0.0,0.0,0.0,3.0,-7.86,-64.05,-4.4561032,15.288161,86.0,GUIDED
1776066137,14.99,1.42,0.0,0.0,0.0,-0.09,-10.68,-45.34,-4.4560991,15.2881563,86.0,GUIDED
1776066137,14.99,1.72,0.0,0.0,0.0,-2.28,-12.57,-40.71,-4.4560939,15.2881505,86.0,GUIDED
1776066138,14.99,2.25,0.0,0.0,0.0,0.14,-13.68,-45.32,-4.4560877,15.2881432,86.0,GUIDED
1776066138,14.99,2.56,0.0,0.0,0.0,1.9,-13.8,-45.55,-4.4560801,15.2881349,86.0,GUIDED
1776066139,14.99,2.81,0.0,0.0,0.0,1.47,-13.97,-44.38,-4.4560712,15.2881261,86.0,GUIDED
1776066139,14.99,3.11,0.0,0.0,0.0,0.95,-14.52,-44.57,-4.4560613,15.2881169,86.0,GUIDED
1776066140,14.99,3.28,0.0,0.0,0.0,0.8,-15.22,-44.86,-4.4560507,15.2881072,86.0,GUIDED
1776066140,14.99,3.54,0.0,0.0,0.0,0.91,-15.84,-44.82,-4.4560394,15.2880969,85.0,GUIDED
1776066141,14.99,3.71,0.0,0.0,0.0,0.93,-16.36,-44.58,-4.4560275,15.2880861,85.0,GUIDED
1776066141,14.99,3.87,0.0,0.0,0.0,0.91,-16.79,-44.91,-4.4560149,15.2880748,85.0,GUIDED
1776066142,14.99,4.14,0.0,0.0,0.0,0.81,-17.25,-44.92,-4.4559952,15.2880569,85.0,GUIDED
1776066143,14.99,4.26,0.0,0.0,0.0,0.37,-17.5,-44.49,-4.4559815,15.2880444,85.0,GUIDED
1776066143,14.99,4.41,0.0,0.0,0.0,0.2,-17.34,-44.45,-4.4559675,15.2880315,85.0,GUIDED
1776066144,14.99,4.48,0.0,0.0,0.0,0.6,-17.37,-44.95,-4.4559534,15.2880183,85.0,GUIDED
1776066144,14.99,4.56,0.0,0.0,0.0,0.97,-17.58,-45.23,-4.4559391,15.2880048,85.0,GUIDED
1776066145,14.99,4.61,0.0,0.0,0.0,0.4,-17.8,-44.52,-4.4559246,15.2879913,85.0,GUIDED
1776066145,14.99,4.66,0.0,0.0,0.0,0.06,-18.07,-44.32,-4.4559099,15.2879775,84.0,GUIDED
1776066146,14.99,4.76,0.0,0.0,0.0,0.25,-18.19,-44.7,-4.4558877,15.2879564,84.0,GUIDED
1776066146,14.99,4.81,0.0,0.0,0.0,0.43,-18.29,-45.19,-4.4558727,15.287942,84.0,GUIDED
1776066147,14.99,4.86,0.0,0.0,0.0,0.29,-18.26,-44.69,-4.4558576,15.2879274,84.0,GUIDED
1776066147,14.99,4.89,0.0,0.0,0.0,0.05,-17.6,-44.67,-4.4558424,15.2879128,84.0,GUIDED
1776066148,14.99,4.86,0.0,0.0,0.0,-0.12,-16.21,-44.77,-4.4558274,15.2878983,84.0,GUIDED
1776066148,14.99,4.67,0.0,0.0,0.0,-0.03,-13.77,-44.56,-4.4558059,15.2878771,84.0,GUIDED
1776066149,14.99,4.36,0.0,0.0,0.0,0.03,-11.74,-44.49,-4.4557925,15.2878639,84.0,GUIDED
1776066149,14.99,4.08,0.0,0.0,0.0,-0.06,-9.13,-44.67,-4.4557801,15.2878517,83.0,GUIDED
1776066150,14.99,3.73,0.0,0.0,0.0,-0.07,-7.31,-44.84,-4.4557691,15.2878407,83.0,GUIDED
1776066150,14.99,3.17,0.0,0.0,0.0,-0.1,-5.3,-44.59,-4.4557595,15.2878311,83.0,GUIDED
1776066151,14.99,2.57,0.0,0.0,0.0,-0.1,-0.14,-44.95,-4.4557479,15.2878195,83.0,GUIDED
1776066151,14.99,1.79,0.0,0.0,0.0,0.12,3.87,-44.66,-4.4557426,15.2878141,83.0,GUIDED
1776066152,14.98,1.14,0.0,0.0,0.0,0.41,14.44,-44.92,-4.4557401,15.2878113,83.0,RTL
1776066152,14.98,0.33,0.0,0.0,0.0,3.41,10.58,-45.03,-4.4557408,15.2878122,83.0,RTL
1776066153,14.98,0.93,0.0,0.0,0.0,7.51,5.65,-44.76,-4.4557429,15.287816,83.0,RTL
1776066153,14.99,1.21,0.0,0.0,0.0,8.81,5.52,-44.47,-4.4557441,15.2878217,83.0,RTL
1776066154,14.99,1.64,0.0,0.0,0.0,8.11,7.47,-44.71,-4.4557443,15.287829,82.0,RTL
1776066154,14.99,1.92,0.0,0.0,0.0,8.3,9.26,-45.01,-4.4557442,15.2878377,82.0,RTL
1776066155,14.99,2.35,0.0,0.0,0.0,8.9,9.62,-45.0,-4.4557442,15.2878479,82.0,RTL
1776066155,14.99,2.6,0.0,0.0,0.0,9.43,9.24,-44.69,-4.4557443,15.2878594,82.0,RTL
1776066156,14.99,2.8,0.0,0.0,0.0,9.87,9.35,-44.51,-4.4557442,15.2878718,82.0,RTL
1776066156,15.0,3.13,0.0,0.0,0.0,10.47,10.4,-44.72,-4.4557438,15.287892,82.0,RTL
1776066157,15.0,3.29,0.0,0.0,0.0,10.95,11.07,-44.97,-4.4557434,15.2879065,82.0,RTL
1776066157,15.0,3.55,0.0,0.0,0.0,11.09,11.45,-45.0,-4.4557431,15.287922,82.0,RTL
1776066158,15.0,3.71,0.0,0.0,0.0,11.28,11.72,-44.86,-4.4557428,15.2879383,82.0,RTL
1776066159,15.0,3.9,0.0,0.0,0.0,11.77,11.9,-44.51,-4.4557426,15.2879552,81.0,RTL
1776066159,15.0,4.03,0.0,0.0,0.0,12.04,12.18,-44.52,-4.4557424,15.2879728,81.0,RTL
1776066160,15.0,4.15,0.0,0.0,0.0,12.07,12.55,-44.7,-4.4557422,15.2879909,81.0,RTL
1776066160,15.0,4.36,0.0,0.0,0.0,12.15,12.91,-44.92,-4.4557421,15.2880191,81.0,RTL
1776066161,15.01,4.45,0.0,0.0,0.0,11.5,12.23,-44.88,-4.455742,15.2880384,81.0,RTL
1776066161,15.01,4.46,0.0,0.0,0.0,10.66,11.09,-44.62,-4.4557421,15.2880577,81.0,RTL
1776066162,15.01,4.38,0.0,0.0,0.0,9.6,10.1,-45.11,-4.4557421,15.2880765,81.0,RTL
1776066162,15.01,4.15,0.0,0.0,0.0,8.37,8.93,-45.01,-4.4557421,15.2880944,81.0,RTL
1776066163,15.01,3.93,0.0,0.0,0.0,6.98,7.29,-44.7,-4.4557421,15.2881112,81.0,RTL
1776066163,15.01,3.65,0.0,0.0,0.0,5.86,6.02,-44.62,-4.4557421,15.2881265,80.0,RTL
1776066164,15.01,3.03,0.0,0.0,0.0,4.0,4.13,-44.57,-4.4557422,15.2881464,80.0,RTL
1776066164,15.01,2.69,0.0,0.0,0.0,2.23,2.41,-44.98,-4.4557422,15.2881574,80.0,RTL
1776066165,15.01,2.1,0.0,0.0,0.0,-3.09,-3.1,-44.67,-4.4557423,15.2881663,80.0,LAND
1776066165,14.96,1.42,0.0,0.0,0.0,-8.04,-8.02,-44.61,-4.4557423,15.2881714,80.0,LAND
1776066477,0.0,0.0,0.0,0.0,0.0,0.01,0.04,0.07,-4.4557421,15.2881738,100.0,STABILIZE
1776066477,0.0,0.0,0.0,0.0,0.0,0.01,0.04,0.07,-4.4557421,15.2881738,100.0,STABILIZE
1776066478,0.0,0.0,0.0,0.0,0.0,0.01,0.04,0.07,-4.4557421,15.2881738,100.0,STABILIZE
1776066478,0.0,0.0,0.0,0.0,0.0,0.01,0.04,0.07,-4.4557421,15.2881738,100.0,STABILIZE
1776066479,0.0,0.0,0.0,0.0,0.0,0.01,0.04,0.07,-4.4557421,15.2881738,100.0,STABILIZE
1776066479,0.0,0.0,0.0,0.0,0.0,0.01,0.04,0.07,-4.4557421,15.2881738,100.0,STABILIZE
1776066480,0.0,0.0,0.0,0.0,0.0,0.01,0.04,0.07,-4.4557421,15.2881738,100.0,STABILIZE
1776066480,0.0,0.0,0.0,0.0,0.0,0.01,0.04,0.07,-4.4557421,15.2881738,100.0,GUIDED
1776066481,0.0,0.0,0.0,0.0,0.0,0.0,0.04,0.08,-4.4557421,15.2881738,100.0,GUIDED
1776066481,0.0,0.0,0.0,0.0,0.0,0.04,0.04,0.16,-4.4557421,15.2881738,100.0,GUIDED
1776066482,0.0,0.0,0.0,0.0,0.0,0.12,0.04,0.32,-4.4557421,15.2881738,100.0,GUIDED
1776066482,0.0,0.0,0.0,0.0,0.0,0.17,0.04,0.47,-4.4557421,15.2881738,100.0,GUIDED
1776066483,0.0,0.0,0.0,0.0,0.0,0.21,0.03,0.61,-4.4557421,15.2881738,100.0,GUIDED
1776066483,0.0,0.0,0.0,0.0,0.0,0.23,0.03,0.75,-4.4557421,15.2881738,100.0,GUIDED
1776066484,0.0,0.0,0.0,0.0,0.0,0.23,0.03,0.89,-4.4557421,15.2881738,100.0,GUIDED
1776066484,0.0,0.0,0.0,0.0,0.0,0.23,0.03,1.02,-4.4557421,15.2881738,100.0,GUIDED
1776066485,0.0,0.0,0.0,0.0,0.0,0.21,0.03,1.22,-4.4557421,15.2881738,100.0,GUIDED
1776066485,0.0,0.0,0.0,0.0,0.0,0.19,0.03,1.34,-4.4557421,15.2881738,100.0,GUIDED
1776066486,0.0,0.0,0.0,0.0,0.0,0.17,0.03,1.46,-4.4557421,15.2881738,100.0,GUIDED
1776066486,0.0,0.0,0.0,0.0,0.0,0.15,0.03,1.57,-4.4557421,15.2881738,100.0,GUIDED
1776066487,0.0,0.0,0.0,0.0,0.0,0.13,0.03,1.67,-4.4557421,15.2881738,100.0,GUIDED
1776066488,0.0,0.0,0.0,0.0,0.0,0.12,0.03,1.76,-4.4557421,15.2881738,100.0,GUIDED
1776066488,0.0,0.0,0.0,0.0,0.0,0.1,0.03,1.85,-4.4557421,15.2881738,100.0,GUIDED
1776066489,0.0,0.0,0.0,0.0,0.0,0.08,0.03,1.96,-4.4557421,15.2881738,100.0,GUIDED
1776066489,0.0,0.0,0.0,0.0,0.0,0.06,0.03,2.03,-4.4557421,15.2881738,100.0,GUIDED
1776066490,0.0,0.0,0.0,0.0,0.0,0.05,0.03,2.08,-4.4557421,15.2881738,100.0,GUIDED
1776066490,0.0,0.0,0.0,0.0,0.0,0.04,0.03,2.14,-4.4557421,15.2881738,100.0,GUIDED
1776066491,0.0,0.0,0.0,0.0,0.0,0.03,0.03,2.18,-4.4557421,15.2881738,100.0,GUIDED
1776066491,0.0,0.0,0.0,0.0,0.0,0.03,0.04,2.22,-4.4557421,15.2881738,100.0,GUIDED
1776066492,0.0,0.0,0.0,0.0,0.0,0.02,0.04,2.25,-4.4557421,15.2881738,100.0,GUIDED
1776066492,0.0,0.0,0.0,0.0,0.0,0.01,0.04,2.3,-4.4557421,15.2881738,100.0,GUIDED
1776066493,0.0,0.0,0.0,0.0,0.0,0.01,0.04,2.32,-4.4557421,15.2881738,100.0,GUIDED
1776066493,0.0,0.0,0.0,0.0,0.0,0.0,0.04,2.34,-4.4557421,15.2881738,100.0,GUIDED
1776066494,0.0,0.0,0.0,0.0,0.0,0.0,0.04,2.36,-4.4557421,15.2881738,100.0,GUIDED
1776066494,0.0,0.0,0.0,0.0,0.0,0.0,0.04,2.38,-4.4557421,15.2881738,100.0,GUIDED
1776066495,0.0,0.0,0.0,0.0,0.0,0.0,0.04,2.38,-4.4557421,15.2881738,100.0,GUIDED
1776066495,0.0,0.0,0.0,0.0,0.0,0.0,0.04,2.38,-4.4557421,15.2881738,100.0,GUIDED
1776066496,0.0,0.0,0.0,0.0,0.0,0.04,0.03,0.02,-4.4557421,15.2881738,99.0,GUIDED
1776066496,0.0,0.0,0.0,0.0,0.0,0.07,-0.02,0.11,-4.4557422,15.2881738,99.0,GUIDED
1776066497,0.0,0.0,0.0,0.0,0.0,-0.12,-0.15,0.08,-4.4557422,15.2881738,99.0,GUIDED
1776066497,0.25,0.03,0.0,0.0,0.0,-0.07,-0.16,0.19,-4.4557422,15.2881738,99.0,GUIDED
1776066498,0.8,0.06,0.0,0.0,0.0,0.08,-0.11,-0.37,-4.4557421,15.2881738,99.0,GUIDED
1776066498,1.56,0.06,0.0,0.0,0.0,0.19,0.09,-0.79,-4.4557421,15.2881738,99.0,GUIDED
1776066499,2.46,0.05,0.0,0.0,0.0,0.01,0.2,-0.47,-4.455742,15.2881738,99.0,GUIDED
1776066499,3.43,0.04,0.0,0.0,0.0,-0.09,0.1,-0.21,-4.4557419,15.2881738,99.0,GUIDED
1776066500,4.45,0.04,0.0,0.0,0.0,-0.12,0.07,-0.47,-4.4557418,15.2881737,99.0,GUIDED
1776066500,5.51,0.06,0.0,0.0,0.0,0.1,0.04,-0.99,-4.4557417,15.2881735,98.0,GUIDED
1776066501,6.59,0.05,0.0,0.0,0.0,0.14,0.08,-0.91,-4.4557416,15.2881734,98.0,GUIDED
1776066501,7.7,0.04,0.0,0.0,0.0,0.12,0.44,-0.53,-4.4557415,15.2881734,98.0,GUIDED
1776066502,8.81,0.02,0.0,0.0,0.0,0.21,0.24,-0.53,-4.4557415,15.2881733,98.0,GUIDED
1776066502,9.93,0.0,0.0,0.0,0.0,0.17,-0.07,-0.69,-4.4557415,15.2881732,98.0,GUIDED
1776066503,11.59,0.02,0.0,0.0,0.0,0.09,0.1,-1.12,-4.4557414,15.2881731,98.0,GUIDED
1776066504,12.63,0.02,0.0,0.0,0.0,0.3,0.48,-0.91,-4.4557413,15.2881731,98.0,GUIDED
1776066504,13.51,0.03,0.0,0.0,0.0,0.32,0.49,-0.6,-4.4557413,15.2881732,98.0,GUIDED
1776066505,14.13,0.06,0.0,0.0,0.0,0.06,0.33,-0.49,-4.4557413,15.2881733,97.0,GUIDED
1776066505,14.49,0.06,0.0,0.0,0.0,0.08,-0.25,-0.54,-4.4557415,15.2881734,97.0,GUIDED
1776066506,14.68,0.04,0.0,0.0,0.0,0.08,-4.59,-0.02,-4.4557413,15.2881734,97.0,GUIDED
1776066506,14.77,0.21,0.0,0.0,0.0,-0.02,-7.33,0.19,-4.4557399,15.2881735,97.0,GUIDED
1776066507,14.84,0.74,0.0,0.0,0.0,0.08,-8.05,-0.12,-4.4557365,15.2881736,97.0,GUIDED
1776066507,14.9,1.05,0.0,0.0,0.0,0.15,-7.99,0.04,-4.4557317,15.2881737,97.0,GUIDED
1776066508,14.94,1.41,0.0,0.0,0.0,0.07,-9.9,0.11,-4.4557256,15.2881738,97.0,GUIDED
1776066508,14.96,1.68,0.0,0.0,0.0,-0.05,-12.0,0.07,-4.4557181,15.2881738,97.0,GUIDED
1776066509,14.97,2.0,0.0,0.0,0.0,0.07,-13.55,0.08,-4.4557089,15.2881738,97.0,GUIDED
1776066509,14.98,2.64,0.0,0.0,0.0,0.15,-13.75,0.14,-4.455692,15.2881738,96.0,GUIDED
1776066510,14.99,2.87,0.0,0.0,0.0,0.17,-14.02,0.09,-4.4556792,15.2881738,96.0,GUIDED
1776066510,14.99,3.15,0.0,0.0,0.0,0.19,-14.68,-0.22,-4.4556656,15.2881739,96.0,GUIDED
1776066511,14.99,3.32,0.0,0.0,0.0,0.22,-15.39,0.01,-4.455651,15.288174,96.0,GUIDED
1776066511,14.98,3.57,0.0,0.0,0.0,0.08,-15.98,0.12,-4.4556355,15.288174,96.0,GUIDED
1776066512,14.98,3.74,0.0,0.0,0.0,0.17,-16.47,0.07,-4.4556193,15.2881741,96.0,GUIDED
1776066512,14.98,3.89,0.0,0.0,0.0,0.25,-16.77,-0.01,-4.4556022,15.2881742,96.0,GUIDED
1776066513,14.97,4.15,0.0,0.0,0.0,0.38,-17.2,-0.32,-4.4555754,15.2881743,96.0,GUIDED
1776066513,14.97,4.26,0.0,0.0,0.0,0.52,-17.54,-0.41,-4.4555568,15.2881744,96.0,GUIDED
1776066514,14.97,4.42,0.0,0.0,0.0,0.24,-17.74,-0.27,-4.4555377,15.2881746,95.0,GUIDED
1776066514,14.97,4.51,0.0,0.0,0.0,0.13,-17.0,-0.25,-4.4555183,15.2881747,95.0,GUIDED
1776066515,14.97,4.54,0.0,0.0,0.0,-0.16,-15.7,0.12,-4.4554987,15.2881748,95.0,GUIDED
1776066515,14.97,4.47,0.0,0.0,0.0,-0.01,-14.26,-0.13,-4.4554796,15.2881748,95.0,GUIDED
1776066516,14.97,4.34,0.0,0.0,0.0,0.24,-12.59,-0.19,-4.4554612,15.2881747,95.0,GUIDED
1776066516,14.97,4.04,0.0,0.0,0.0,0.1,-10.27,-0.05,-4.4554439,15.2881746,95.0,GUIDED
1776066517,14.97,3.76,0.0,0.0,0.0,0.16,-8.34,-0.18,-4.455428,15.2881746,95.0,GUIDED
1776066517,14.96,3.27,0.0,0.0,0.0,0.07,-6.66,-0.23,-4.4554076,15.2881747,95.0,GUIDED
1776066518,14.96,2.75,0.0,0.0,0.0,-0.38,-3.09,0.13,-4.4553962,15.2881747,95.0,GUIDED
1776066518,14.95,2.13,0.0,0.0,0.0,-0.37,1.19,0.14,-4.455387,15.2881746,94.0,GUIDED
1776066519,14.95,1.58,0.0,0.0,0.0,0.08,3.38,0.39,-4.4553807,15.2881744,94.0,GUIDED
1776066519,14.94,1.03,0.0,0.0,0.0,1.45,2.52,11.81,-4.455377,15.2881743,94.0,GUIDED
1776066520,14.95,0.47,0.0,0.0,0.0,4.04,1.54,29.56,-4.4553752,15.2881746,94.0,GUIDED
1776066521,14.95,0.29,0.0,0.0,0.0,5.82,-0.74,57.83,-4.4553752,15.2881765,94.0,GUIDED
1776066521,14.95,0.61,0.0,0.0,0.0,5.44,-2.76,76.98,-4.4553769,15.2881788,94.0,GUIDED
1776066522,14.96,0.82,0.0,0.0,0.0,4.87,-5.03,96.22,-4.4553795,15.2881817,94.0,GUIDED
1776066522,14.96,1.14,0.0,0.0,0.0,3.8,-8.24,115.42,-4.455383,15.2881853,94.0,GUIDED
1776066523,14.96,1.42,0.0,0.0,0.0,0.84,-11.46,134.09,-4.4553877,15.2881898,94.0,GUIDED
1776066523,14.96,1.76,0.0,0.0,0.0,-2.19,-13.27,139.53,-4.4553936,15.2881956,93.0,GUIDED
1776066524,14.96,2.5,0.0,0.0,0.0,1.04,-14.25,134.08,-4.4554045,15.2882073,93.0,GUIDED
1776066524,14.96,2.8,0.0,0.0,0.0,1.52,-14.33,134.95,-4.4554132,15.2882163,93.0,GUIDED
1776066525,14.97,3.13,0.0,0.0,0.0,0.99,-14.91,135.57,-4.455423,15.2882258,93.0,GUIDED
1776066525,14.97,3.33,0.0,0.0,0.0,0.54,-15.62,135.68,-4.4554335,15.2882358,93.0,GUIDED
1776066526,14.97,3.61,0.0,0.0,0.0,0.76,-16.13,135.1,-4.4554447,15.2882465,93.0,GUIDED
1776066526,14.97,3.78,0.0,0.0,0.0,0.8,-16.57,135.12,-4.4554566,15.2882578,93.0,GUIDED
1776066527,14.97,3.94,0.0,0.0,0.0,0.66,-16.95,135.36,-4.4554691,15.2882696,93.0,GUIDED
1776066527,14.97,4.21,0.0,0.0,0.0,0.68,-17.4,135.01,-4.4554887,15.2882882,93.0,GUIDED
1776066528,14.97,4.33,0.0,0.0,0.0,0.71,-17.16,135.12,-4.4555023,15.2883011,92.0,GUIDED
1776066528,14.98,4.45,0.0,0.0,0.0,0.64,-17.17,135.13,-4.4555162,15.2883143,92.0,GUIDED
1776066529,14.98,4.5,0.0,0.0,0.0,0.45,-17.52,135.2,-4.4555303,15.2883276,92.0,GUIDED
1776066529,14.98,4.6,0.0,0.0,0.0,0.18,-17.8,135.56,-4.4555445,15.2883412,92.0,GUIDED
1776066530,14.98,4.66,0.0,0.0,0.0,0.06,-18.05,135.48,-4.4555589,15.2883551,92.0,GUIDED
1776066530,14.98,4.72,0.0,0.0,0.0,0.24,-17.91,135.25,-4.4555735,15.2883694,92.0,GUIDED
1776066531,14.99,4.8,0.0,0.0,0.0,0.44,-18.01,135.21,-4.4555956,15.288391,92.0,GUIDED
1776066531,14.99,4.83,0.0,0.0,0.0,0.19,-18.16,135.47,-4.4556105,15.2884055,92.0,GUIDED
1776066532,14.99,4.88,0.0,0.0,0.0,0.06,-18.19,135.47,-4.4556255,15.2884202,92.0,GUIDED
1776066532,14.99,4.9,0.0,0.0,0.0,0.3,-17.73,135.18,-4.4556405,15.288435,91.0,GUIDED
1776066533,14.99,4.89,0.0,0.0,0.0,0.39,-16.36,134.93,-4.4556554,15.2884497,91.0,GUIDED
1776066534,15.0,4.79,0.0,0.0,0.0,0.33,-14.62,135.22,-4.45567,15.2884641,91.0,GUIDED
1776066534,15.0,4.63,0.0,0.0,0.0,0.18,-12.71,135.44,-4.455684,15.2884779,91.0,GUIDED
1776066535,15.01,4.1,0.0,0.0,0.0,0.23,-9.1,135.17,-4.4557031,15.2884967,91.0,GUIDED
1776066535,15.01,3.74,0.0,0.0,0.0,0.16,-7.2,135.23,-4.4557143,15.2885076,91.0,GUIDED
1776066536,15.01,3.17,0.0,0.0,0.0,0.15,-5.15,135.33,-4.455724,15.2885171,91.0,GUIDED
1776066536,15.01,2.78,0.0,0.0,0.0,0.12,-2.07,135.32,-4.4557322,15.2885251,91.0,GUIDED
1776066537,15.01,2.06,0.0,0.0,0.0,0.07,2.89,135.47,-4.4557386,15.2885314,91.0,GUIDED
1776066537,15.01,1.43,0.0,0.0,0.0,-0.12,3.34,135.65,-4.4557427,15.2885355,90.0,GUIDED
1776066538,15.01,0.9,0.0,0.0,0.0,3.51,0.23,147.08,-4.4557451,15.2885378,90.0,GUIDED
1776066538,15.01,0.61,0.0,0.0,0.0,7.2,-4.36,174.02,-4.4557488,15.288538,90.0,GUIDED
1776066539,15.01,0.87,0.0,0.0,0.0,4.8,-6.15,-166.88,-4.4557523,15.2885358,90.0,GUIDED
1776066539,15.01,1.23,0.0,0.0,0.0,2.3,-9.09,-147.73,-4.4557564,15.2885325,90.0,GUIDED
1776066540,15.01,1.5,0.0,0.0,0.0,-1.23,-11.61,-131.79,-4.4557615,15.288528,90.0,GUIDED
1776066540,15.01,2.0,0.0,0.0,0.0,-1.69,-13.3,-132.64,-4.4557679,15.2885223,90.0,GUIDED
1776066541,15.01,2.36,0.0,0.0,0.0,1.18,-13.81,-136.17,-4.4557757,15.2885156,90.0,GUIDED
1776066541,15.01,2.66,0.0,0.0,0.0,2.05,-13.79,-135.44,-4.4557843,15.2885074,90.0,GUIDED
1776066542,15.01,2.99,0.0,0.0,0.0,1.28,-14.17,-134.84,-4.4557932,15.2884981,89.0,GUIDED
1776066542,15.01,3.26,0.0,0.0,0.0,0.93,-15.2,-135.37,-4.4558075,15.2884825,89.0,GUIDED
1776066543,15.01,3.52,0.0,0.0,0.0,0.95,-15.83,-135.29,-4.4558178,15.2884712,89.0,GUIDED
1776066543,15.01,3.68,0.0,0.0,0.0,0.8,-16.39,-135.03,-4.4558286,15.2884593,89.0,GUIDED
1776066544,15.01,3.92,0.0,0.0,0.0,0.49,-16.82,-135.01,-4.4558399,15.2884468,89.0,GUIDED
1776066544,15.01,4.06,0.0,0.0,0.0,0.59,-17.12,-135.33,-4.4558518,15.2884338,89.0,GUIDED
1776066545,15.01,4.19,0.0,0.0,0.0,0.44,-17.42,-135.33,-4.4558641,15.2884204,89.0,GUIDED
1776066545,15.01,4.41,0.0,0.0,0.0,0.33,-17.32,-135.11,-4.4558835,15.2883997,89.0,GUIDED
1776066546,15.01,4.48,0.0,0.0,0.0,0.46,-17.33,-135.28,-4.4558969,15.2883856,88.0,GUIDED
1776066546,15.01,4.55,0.0,0.0,0.0,0.47,-17.6,-135.25,-4.4559104,15.2883714,88.0,GUIDED
1776066547,15.01,4.6,0.0,0.0,0.0,0.28,-17.88,-135.19,-4.4559241,15.2883571,88.0,GUIDED
1776066547,15.01,4.68,0.0,0.0,0.0,0.21,-18.13,-135.41,-4.455938,15.2883425,88.0,GUIDED
1776066548,15.01,4.73,0.0,0.0,0.0,0.26,-18.17,-135.37,-4.4559523,15.2883279,88.0,GUIDED
1776066549,15.01,4.78,0.0,0.0,0.0,0.19,-18.15,-135.1,-4.4559667,15.288313,88.0,GUIDED
1776066549,15.01,4.84,0.0,0.0,0.0,-0.14,-18.15,-135.03,-4.4559886,15.2882906,88.0,GUIDED
1776066550,15.01,4.86,0.0,0.0,0.0,0.03,-17.57,-134.96,-4.4560035,15.2882757,88.0,GUIDED
1776066550,15.01,4.84,0.0,0.0,0.0,0.01,-16.22,-134.84,-4.4560182,15.2882609,88.0,GUIDED
1776066551,15.01,4.74,0.0,0.0,0.0,-0.02,-14.67,-134.98,-4.4560325,15.2882464,87.0,GUIDED
1776066551,15.01,4.48,0.0,0.0,0.0,0.19,-13.02,-135.17,-4.4560461,15.2882327,87.0,GUIDED
1776066552,15.01,4.25,0.0,0.0,0.0,0.27,-10.79,-135.52,-4.4560589,15.2882198,87.0,GUIDED
1776066552,15.01,3.96,0.0,0.0,0.0,0.18,-8.5,-135.28,-4.4560705,15.288208,87.0,GUIDED
1776066553,15.01,3.24,0.0,0.0,0.0,-0.01,-5.6,-135.04,-4.4560854,15.2881928,87.0,GUIDED
1776066553,15.01,2.86,0.0,0.0,0.0,-0.02,-2.85,-135.2,-4.4560935,15.2881844,87.0,GUIDED
1776066554,15.0,2.2,0.0,0.0,0.0,-0.13,1.98,-135.02,-4.4561001,15.2881778,87.0,GUIDED
1776066554,15.0,1.61,0.0,0.0,0.0,-0.15,3.64,-134.49,-4.4561046,15.2881735,87.0,GUIDED
1776066555,14.99,0.81,0.0,0.0,0.0,3.91,0.52,-121.88,-4.4561071,15.2881709,87.0,GUIDED
1776066555,14.99,0.58,0.0,0.0,0.0,7.52,-3.32,-103.68,-4.4561078,15.2881686,86.0,GUIDED
1776066556,14.99,0.71,0.0,0.0,0.0,5.81,-5.81,-84.45,-4.4561064,15.2881654,86.0,GUIDED
1776066556,14.99,1.24,0.0,0.0,0.0,1.85,-9.25,-55.36,-4.4561016,15.2881593,86.0,GUIDED
1776066557,14.99,1.5,0.0,0.0,0.0,-1.67,-11.55,-40.91,-4.456097,15.2881542,86.0,GUIDED
1776066557,14.99,1.99,0.0,0.0,0.0,-1.56,-13.26,-42.8,-4.4560913,15.2881477,86.0,GUIDED
1776066558,14.99,2.34,0.0,0.0,0.0,1.09,-13.75,-45.66,-4.4560844,15.2881398,86.0,GUIDED
1776066558,14.99,2.76,0.0,0.0,0.0,1.86,-13.66,-45.12,-4.4560762,15.2881312,86.0,GUIDED
1776066559,14.99,2.97,0.0,0.0,0.0,1.16,-14.12,-44.28,-4.4560668,15.2881222,86.0,GUIDED
1776066559,14.99,3.14,0.0,0.0,0.0,0.67,-14.87,-44.36,-4.4560566,15.2881128,86.0,GUIDED
1776066560,14.99,3.5,0.0,0.0,0.0,0.89,-15.87,-44.86,-4.4560401,15.2880977,85.0,GUIDED
1776066560,14.98,3.67,0.0,0.0,0.0,0.86,-16.48,-44.62,-4.4560282,15.2880869,85.0,GUIDED
1776066561,14.98,3.92,0.0,0.0,0.0,0.72,-16.93,-44.54,-4.4560157,15.2880756,85.0,GUIDED
1776066562,14.98,4.07,0.0,0.0,0.0,0.65,-17.24,-44.81,-4.4560026,15.2880638,85.0,GUIDED
1776066562,14.99,4.27,0.0,0.0,0.0,0.67,-17.53,-44.83,-4.4559891,15.2880514,85.0,GUIDED
1776066563,14.99,4.38,0.0,0.0,0.0,0.53,-17.39,-44.63,-4.4559752,15.2880387,85.0,GUIDED
1776066563,14.98,4.46,0.0,0.0,0.0,0.21,-17.43,-44.32,-4.455961,15.2880256,85.0,GUIDED
1776066564,14.99,4.57,0.0,0.0,0.0,0.24,-17.66,-44.87,-4.4559395,15.2880054,85.0,GUIDED
1776066564,14.99,4.62,0.0,0.0,0.0,0.47,-17.99,-45.01,-4.4559251,15.2879917,84.0,GUIDED
1776066565,14.99,4.7,0.0,0.0,0.0,0.46,-18.04,-44.84,-4.4559104,15.2879777,84.0,GUIDED
1776066565,14.99,4.75,0.0,0.0,0.0,0.24,-18.17,-44.44,-4.4558955,15.2879636,84.0,GUIDED
1776066566,14.98,4.81,0.0,0.0,0.0,0.04,-18.24,-44.62,-4.4558805,15.2879492,84.0,GUIDED
1776066566,14.98,4.85,0.0,0.0,0.0,0.19,-18.22,-45.02,-4.4558654,15.2879346,84.0,GUIDED
1776066567,14.98,4.88,0.0,0.0,0.0,0.15,-18.04,-44.87,-4.4558502,15.28792,84.0,GUIDED
1776066567,14.98,4.87,0.0,0.0,0.0,0.18,-16.22,-44.62,-4.4558276,15.2878979,84.0,GUIDED
1776066568,14.99,4.78,0.0,0.0,0.0,0.17,-14.56,-44.94,-4.455813,15.2878837,84.0,GUIDED
1776066568,14.99,4.52,0.0,0.0,0.0,0.16,-12.67,-44.96,-4.4557991,15.2878701,84.0,GUIDED
1776066569,14.99,4.27,0.0,0.0,0.0,-0.02,-10.39,-44.73,-4.4557861,15.2878574,83.0,GUIDED
1776066569,14.99,3.79,0.0,0.0,0.0,-0.27,-8.22,-44.46,-4.4557744,15.2878459,83.0,GUIDED
1776066570,14.99,3.43,0.0,0.0,0.0,-0.04,-6.37,-44.74,-4.4557641,15.2878356,83.0,GUIDED
1776066570,14.99,3.05,0.0,0.0,0.0,0.23,-3.98,-45.2,-4.4557552,15.2878268,83.0,GUIDED
1776066571,14.99,2.18,0.0,0.0,0.0,0.01,2.53,-44.55,-4.455745,15.2878166,83.0,GUIDED
1776066571,14.99,1.59,0.0,0.0,0.0,0.08,8.87,-44.39,-4.4557409,15.2878125,83.0,GUIDED
1776066572,14.99,0.4,0.0,0.0,0.0,1.6,13.71,-44.54,-4.4557398,15.2878114,83.0,GUIDED
1776066572,14.98,0.52,0.0,0.0,0.0,5.48,8.18,-45.23,-4.4557415,15.2878139,83.0,RTL
1776066573,14.99,1.18,0.0,0.0,0.0,8.3,5.58,-44.89,-4.4557431,15.2878188,83.0,RTL
1776066573,14.99,1.45,0.0,0.0,0.0,8.35,6.31,-44.44,-4.4557439,15.2878253,82.0,RTL
1776066574,14.99,1.72,0.0,0.0,0.0,7.99,8.3,-44.89,-4.4557439,15.2878333,82.0,RTL
1776066574,14.99,2.27,0.0,0.0,0.0,8.95,9.56,-44.91,-4.455744,15.287848,82.0,RTL
1776066575,14.99,2.53,0.0,0.0,0.0,9.51,9.18,-44.43,-4.4557441,15.2878594,82.0,RTL
1776066575,14.99,2.83,0.0,0.0,0.0,9.75,9.32,-44.53,-4.455744,15.2878718,82.0,RTL
1776066576,14.99,2.99,0.0,0.0,0.0,10.1,10.08,-44.79,-4.4557438,15.2878851,82.0,RTL
1776066577,14.99,3.23,0.0,0.0,0.0,10.58,10.66,-44.75,-4.4557436,15.2878991,82.0,RTL
1776066577,14.99,3.48,0.0,0.0,0.0,11.07,11.38,-45.02,-4.4557433,15.2879218,82.0,RTL
1776066578,14.99,3.71,0.0,0.0,0.0,11.43,11.74,-44.8,-4.4557431,15.2879379,82.0,RTL
1776066578,14.99,3.86,0.0,0.0,0.0,11.83,12.04,-44.85,-4.4557429,15.2879547,81.0,RTL
1776066579,14.99,4.0,0.0,0.0,0.0,11.93,12.36,-45.05,-4.4557428,15.2879722,81.0,RTL
1776066579,14.99,4.18,0.0,0.0,0.0,12.09,12.55,-44.93,-4.4557427,15.2879903,81.0,RTL
1776066580,14.99,4.29,0.0,0.0,0.0,12.41,12.5,-44.59,-4.4557427,15.288009,81.0,RTL
1776066580,14.99,4.42,0.0,0.0,0.0,12.27,12.26,-44.69,-4.4557426,15.2880282,81.0,RTL
1776066581,14.99,4.47,0.0,0.0,0.0,11.34,11.56,-44.87,-4.4557424,15.2880475,81.0,RTL
1776066581,15.0,4.35,0.0,0.0,0.0,9.63,10.18,-44.95,-4.4557422,15.2880759,81.0,RTL
1776066582,15.01,4.2,0.0,0.0,0.0,8.5,8.77,-44.7,-4.4557421,15.2880939,81.0,RTL
1776066582,15.01,3.99,0.0,0.0,0.0,6.96,7.15,-44.53,-4.4557421,15.2881108,80.0,RTL
1776066583,15.01,3.56,0.0,0.0,0.0,5.8,6.03,-44.6,-4.4557421,15.288126,80.0,RTL
1776066583,15.01,3.25,0.0,0.0,0.0,4.71,5.06,-44.81,-4.455742,15.2881397,80.0,RTL
1776066584,15.01,2.77,0.0,0.0,0.0,3.18,3.55,-44.9,-4.455742,15.2881517,80.0,RTL
1776066584,15.01,2.41,0.0,0.0,0.0,1.03,1.37,-44.98,-4.4557421,15.2881618,80.0,RTL
1776066585,14.99,1.25,0.0,0.0,0.0,-8.71,-8.46,-44.31,-4.4557421,15.2881716,80.0,RTL
1776066585,14.84,0.3,0.0,0.0,0.0,-4.34,-4.24,-44.9,-4.4557422,15.2881726,80.0,LAND
1776066586,14.46,0.17,0.0,0.0,0.0,0.62,0.62,-44.56,-4.4557423,15.2881716,80.0,LAND
1776066586,13.85,0.11,0.0,0.0,0.0,1.92,1.87,-44.66,-4.4557424,15.288171,80.0,LAND
1776066587,12.75,0.09,0.0,0.0,0.0,0.68,0.58,-44.86,-4.4557425,15.2881714,80.0,LAND
1776066587,12.02,0.13,0.0,0.0,0.0,0.08,0.01,-44.66,-4.4557426,15.2881719,79.0,LAND
1776066588,11.29,0.1,0.0,0.0,0.0,0.2,-0.14,-45.07,-4.4557426,15.2881723,79.0,LAND
1776066589,10.57,0.07,0.0,0.0,0.0,0.4,0.13,-44.97,-4.4557426,15.2881725,79.0,LAND
1776066589,9.85,0.07,0.0,0.0,0.0,0.58,0.32,-44.71,-4.4557426,15.2881727,79.0,LAND
1776066590,9.14,0.09,0.0,0.0,0.0,0.45,0.13,-44.69,-4.4557425,15.288173,79.0,LAND
1776066590,8.56,0.09,0.0,0.0,0.0,0.17,-0.08,-44.58,-4.4557424,15.2881733,79.0,LAND
1776066591,8.18,0.08,0.0,0.0,0.0,0.07,-0.2,-44.8,-4.4557422,15.2881736,79.0,LAND
1776066591,7.84,0.07,0.0,0.0,0.0,0.14,-0.04,-44.81,-4.4557421,15.2881737,79.0,LAND
1776066592,7.63,0.07,0.0,0.0,0.0,0.13,-0.01,-44.7,-4.455742,15.2881737,79.0,LAND
1776066592,7.38,0.06,0.0,0.0,0.0,0.07,0.22,-44.84,-4.4557418,15.2881737,78.0,LAND
1776066593,7.13,0.05,0.0,0.0,0.0,0.04,0.14,-44.9,-4.4557417,15.2881738,78.0,LAND
1776066593,6.89,0.04,0.0,0.0,0.0,-0.16,-0.07,-44.7,-4.4557415,15.2881738,78.0,LAND
1776066594,6.65,0.04,0.0,0.0,0.0,-0.31,0.01,-44.59,-4.4557414,15.2881738,78.0,LAND
1776066594,6.42,0.04,0.0,0.0,0.0,-0.12,0.17,-45.07,-4.4557413,15.2881737,78.0,LAND
1776066595,6.18,0.03,0.0,0.0,0.0,0.04,0.37,-44.88,-4.4557413,15.2881736,78.0,LAND
1776066595,5.94,0.01,0.0,0.0,0.0,-0.03,0.26,-44.65,-4.4557413,15.2881735,78.0,LAND
1776066596,5.7,0.01,0.0,0.0,0.0,0.08,0.24,-44.64,-4.4557413,15.2881735,78.0,LAND
1776066596,5.34,0.0,0.0,0.0,0.0,-0.08,0.13,-44.56,-4.4557413,15.2881734,78.0,LAND
1776066597,5.1,0.01,0.0,0.0,0.0,-0.09,0.28,-44.64,-4.4557413,15.2881734,78.0,LAND
1776066597,4.86,0.01,0.0,0.0,0.0,-0.2,0.22,-44.97,-4.4557413,15.2881734,77.0,LAND
1776066598,4.62,0.02,0.0,0.0,0.0,-0.28,0.2,-44.84,-4.4557413,15.2881734,77.0,LAND
1776066598,4.38,0.04,0.0,0.0,0.0,-0.05,0.23,-44.58,-4.4557414,15.2881733,77.0,LAND
1776066599,4.14,0.04,0.0,0.0,0.0,0.2,0.18,-44.84,-4.4557415,15.2881732,77.0,LAND
1776066599,3.78,0.01,0.0,0.0,0.0,0.11,0.2,-44.69,-4.4557417,15.2881732,77.0,LAND
1776066600,3.54,0.01,0.0,0.0,0.0,-0.02,-0.04,-44.46,-4.4557417,15.2881733,77.0,LAND
1776066600,3.3,0.0,0.0,0.0,0.0,-0.09,0.01,-45.06,-4.4557417,15.2881733,77.0,LAND
1776066601,3.06,0.01,0.0,0.0,0.0,0.01,0.31,-45.13,-4.4557417,15.2881732,77.0,LAND
1776066601,2.82,0.01,0.0,0.0,0.0,0.03,0.48,-44.97,-4.4557417,15.2881731,77.0,LAND
1776066602,2.58,0.03,0.0,0.0,0.0,0.02,0.32,-45.08,-4.4557418,15.2881731,76.0,LAND
1776066602,2.35,0.03,0.0,0.0,0.0,0.05,0.11,-44.88,-4.4557418,15.2881732,76.0,LAND
1776066603,2.1,0.02,0.0,0.0,0.0,-0.02,0.24,-44.55,-4.4557419,15.2881732,76.0,LAND
1776066603,1.75,0.02,0.0,0.0,0.0,0.22,0.09,-44.77,-4.4557419,15.2881732,76.0,LAND
1776066604,1.51,0.01,0.0,0.0,0.0,0.13,0.19,-45.12,-4.4557419,15.2881732,76.0,LAND
1776066605,1.27,0.02,0.0,0.0,0.0,0.01,0.38,-44.71,-4.4557419,15.2881733,76.0,LAND
1776066605,1.03,0.02,0.0,0.0,0.0,0.06,0.24,-44.83,-4.4557419,15.2881734,76.0,LAND
1776066606,0.79,0.03,0.0,0.0,0.0,0.01,0.05,-44.66,-4.455742,15.2881735,76.0,LAND
1776066606,0.55,0.02,0.0,0.0,0.0,-0.04,-0.04,-44.81,-4.455742,15.2881735,76.0,LAND
1776066607,0.31,0.0,0.0,0.0,0.0,-0.03,-0.05,-44.81,-4.4557421,15.2881735,76.0,LAND
1776066607,-0.04,0.0,0.0,0.0,0.0,0.22,0.17,-44.95,-4.4557421,15.2881735,75.0,LAND
1776066608,-0.27,0.0,0.0,0.0,0.0,0.08,0.1,-44.77,-4.455742,15.2881735,75.0,LAND
1776066608,-0.49,0.01,0.0,0.0,0.0,-0.11,0.23,-44.65,-4.455742,15.2881735,75.0,LAND
1776066609,-0.69,0.02,0.0,0.0,0.0,-0.19,0.17,-44.81,-4.455742,15.2881735,75.0,LAND
1776066609,-0.89,0.03,0.0,0.0,0.0,-0.02,0.01,-44.83,-4.4557421,15.2881735,75.0,LAND
1776066610,-1.07,0.03,0.0,0.0,0.0,0.05,-0.03,-44.74,-4.4557421,15.2881735,75.0,LAND
1776066610,-1.24,0.03,0.0,0.0,0.0,-0.04,-0.28,-44.67,-4.4557421,15.2881735,75.0,LAND
1776066611,0.1,0.03,0.0,0.0,0.0,-0.25,-0.54,-44.75,-4.4557418,15.288172,75.0,LAND
1776066611,0.11,0.02,0.0,0.0,0.0,-0.28,-0.57,-44.84,-4.4557418,15.2881719,75.0,LAND
1776066612,0.11,0.01,0.0,0.0,0.0,-0.31,-0.58,-44.93,-4.4557418,15.2881719,75.0,LAND
1776066612,0.12,0.01,0.0,0.0,0.0,-0.33,-0.59,-45.01,-4.4557418,15.2881717,75.0,LAND
1776066695,0.0,0.0,0.0,0.0,0.0,0.01,0.04,0.07,-4.4557421,15.2881738,100.0,STABILIZE
1776066696,0.0,0.0,0.0,0.0,0.0,0.01,0.04,0.07,-4.4557421,15.2881738,100.0,STABILIZE
1776066696,0.0,0.0,0.0,0.0,0.0,0.01,0.04,0.07,-4.4557421,15.2881738,100.0,STABILIZE
1776066697,0.0,0.0,0.0,0.0,0.0,0.01,0.04,0.07,-4.4557421,15.2881738,100.0,STABILIZE
1776066697,0.0,0.0,0.0,0.0,0.0,0.01,0.04,0.07,-4.4557421,15.2881738,100.0,STABILIZE
1776066698,0.0,0.0,0.0,0.0,0.0,0.01,0.04,0.07,-4.4557421,15.2881738,100.0,STABILIZE
1776066698,0.0,0.0,0.0,0.0,0.0,0.01,0.04,0.07,-4.4557421,15.2881738,100.0,STABILIZE
1776066699,0.0,0.0,0.0,0.0,0.0,0.01,0.04,0.07,-4.4557421,15.2881738,100.0,GUIDED
1776066699,0.0,0.0,0.0,0.0,0.0,0.0,0.04,0.07,-4.4557421,15.2881738,100.0,GUIDED
1776066700,0.0,0.0,0.0,0.0,0.0,0.0,0.04,0.08,-4.4557421,15.2881738,100.0,GUIDED
1776066700,0.0,0.0,0.0,0.0,0.0,0.12,0.04,0.32,-4.4557421,15.2881738,100.0,GUIDED
1776066701,0.0,0.0,0.0,0.0,0.0,0.17,0.03,0.47,-4.4557421,15.2881738,100.0,GUIDED
1776066701,0.0,0.0,0.0,0.0,0.0,0.21,0.03,0.62,-4.4557421,15.2881738,100.0,GUIDED
1776066702,0.0,0.0,0.0,0.0,0.0,0.23,0.03,0.75,-4.4557421,15.2881738,100.0,GUIDED
1776066702,0.0,0.0,0.0,0.0,0.0,0.23,0.03,0.89,-4.4557421,15.2881738,100.0,GUIDED
1776066703,0.0,0.0,0.0,0.0,0.0,0.23,0.03,1.09,-4.4557421,15.2881738,100.0,GUIDED
1776066703,0.0,0.0,0.0,0.0,0.0,0.21,0.03,1.22,-4.4557421,15.2881738,100.0,GUIDED
1776066704,0.0,0.0,0.0,0.0,0.0,0.19,0.03,1.34,-4.4557421,15.2881738,100.0,GUIDED
1776066704,0.0,0.0,0.0,0.0,0.0,0.17,0.03,1.46,-4.4557421,15.2881738,100.0,GUIDED
1776066705,0.0,0.0,0.0,0.0,0.0,0.15,0.03,1.57,-4.4557421,15.2881738,100.0,GUIDED
1776066705,0.0,0.0,0.0,0.0,0.0,0.13,0.03,1.67,-4.4557421,15.2881738,100.0,GUIDED
1776066706,0.0,0.0,0.0,0.0,0.0,0.12,0.03,1.76,-4.4557421,15.2881738,100.0,GUIDED
1776066706,0.0,0.0,0.0,0.0,0.0,0.09,0.03,1.89,-4.4557421,15.2881738,100.0,GUIDED
1776066707,0.0,0.0,0.0,0.0,0.0,0.08,0.03,1.96,-4.4557421,15.2881738,100.0,GUIDED
1776066707,0.0,0.0,0.0,0.0,0.0,0.06,0.03,2.03,-4.4557421,15.2881738,100.0,GUIDED
1776066708,0.0,0.0,0.0,0.0,0.0,0.05,0.03,2.08,-4.4557421,15.2881738,100.0,GUIDED
1776066708,0.0,0.0,0.0,0.0,0.0,0.04,0.03,2.16,-4.4557421,15.2881738,100.0,GUIDED
1776066709,0.0,0.0,0.0,0.0,0.0,0.03,0.03,2.2,-4.4557421,15.2881738,100.0,GUIDED
1776066710,0.0,0.0,0.0,0.0,0.0,0.02,0.03,2.24,-4.4557421,15.2881738,100.0,GUIDED
1776066710,0.0,0.0,0.0,0.0,0.0,0.02,0.04,2.27,-4.4557421,15.2881738,100.0,GUIDED
1776066711,0.0,0.0,0.0,0.0,0.0,0.01,0.04,2.3,-4.4557421,15.2881738,100.0,GUIDED
1776066711,0.0,0.0,0.0,0.0,0.0,0.01,0.04,2.32,-4.4557421,15.2881738,100.0,GUIDED
1776066712,0.0,0.0,0.0,0.0,0.0,0.0,0.04,2.34,-4.4557421,15.2881738,100.0,GUIDED
1776066712,0.0,0.0,0.0,0.0,0.0,0.0,0.04,2.34,-4.4557421,15.2881738,100.0,GUIDED
1776066713,0.0,0.0,0.0,0.0,0.0,0.0,0.04,2.34,-4.4557421,15.2881738,100.0,GUIDED
1776066713,0.0,0.0,0.0,0.0,0.0,0.03,0.07,0.0,-4.4557421,15.2881738,99.0,GUIDED
1776066714,0.0,0.0,0.0,0.0,0.0,0.05,0.08,0.02,-4.4557421,15.2881738,99.0,GUIDED
1776066714,0.0,0.0,0.0,0.0,0.0,0.08,0.08,-0.0,-4.4557422,15.2881738,99.0,GUIDED
1776066715,0.0,0.0,0.0,0.0,0.0,-0.06,-0.11,0.1,-4.4557424,15.2881739,99.0,GUIDED
1776066715,0.0,0.01,0.0,0.0,0.0,-0.18,-0.21,0.14,-4.4557424,15.2881739,99.0,GUIDED
1776066716,0.11,0.03,0.0,0.0,0.0,-0.18,-0.19,0.15,-4.4557424,15.2881739,99.0,GUIDED
1776066716,0.54,0.07,0.0,0.0,0.0,0.06,-0.09,-0.36,-4.4557423,15.2881738,99.0,GUIDED
1776066717,1.22,0.07,0.0,0.0,0.0,0.26,0.15,-0.23,-4.4557421,15.2881738,99.0,GUIDED
1776066717,2.07,0.05,0.0,0.0,0.0,0.15,0.25,-0.47,-4.4557421,15.2881737,99.0,GUIDED
1776066718,3.02,0.03,0.0,0.0,0.0,-0.01,0.09,-0.21,-4.455742,15.2881737,99.0,GUIDED
1776066718,4.02,0.03,0.0,0.0,0.0,-0.1,0.12,-0.48,-4.4557419,15.2881737,99.0,GUIDED
1776066719,5.6,0.02,0.0,0.0,0.0,0.13,0.02,-0.78,-4.4557418,15.2881735,98.0,GUIDED
1776066719,6.68,0.02,0.0,0.0,0.0,0.08,0.35,-0.57,-4.4557417,15.2881735,98.0,GUIDED
1776066720,7.79,0.0,0.0,0.0,0.0,0.17,0.27,-0.32,-4.4557417,15.2881735,98.0,GUIDED
1776066720,8.91,0.02,0.0,0.0,0.0,0.19,0.07,-0.39,-4.4557417,15.2881735,98.0,GUIDED
1776066721,10.02,0.03,0.0,0.0,0.0,0.04,-0.2,-0.63,-4.4557418,15.2881735,98.0,GUIDED
1776066721,11.14,0.03,0.0,0.0,0.0,-0.07,0.11,-0.96,-4.4557417,15.2881735,98.0,GUIDED
1776066722,12.22,0.02,0.0,0.0,0.0,0.13,0.42,-0.76,-4.4557417,15.2881736,98.0,GUIDED
1776066722,13.17,0.05,0.0,0.0,0.0,0.21,0.32,-0.46,-4.4557417,15.2881736,98.0,GUIDED
1776066723,13.9,0.07,0.0,0.0,0.0,-0.04,0.19,-0.31,-4.4557418,15.2881738,97.0,GUIDED
1776066723,14.37,0.06,0.0,0.0,0.0,-0.03,0.02,-0.47,-4.4557419,15.2881738,97.0,GUIDED
1776066724,14.62,0.05,0.0,0.0,0.0,0.06,-0.34,-0.53,-4.455742,15.2881738,97.0,GUIDED
1776066725,14.74,0.04,0.0,0.0,0.0,0.0,-4.56,0.03,-4.4557419,15.2881739,97.0,GUIDED
1776066725,14.84,0.5,0.0,0.0,0.0,-0.11,-8.35,0.14,-4.4557389,15.288174,97.0,GUIDED
1776066726,14.89,0.87,0.0,0.0,0.0,0.03,-8.17,0.07,-4.4557347,15.2881741,97.0,GUIDED
1776066726,14.93,1.29,0.0,0.0,0.0,-0.04,-9.26,-0.01,-4.455729,15.2881742,97.0,GUIDED
1776066727,14.96,1.54,0.0,0.0,0.0,-0.1,-11.34,0.02,-4.455722,15.2881743,97.0,GUIDED
1776066727,14.97,2.0,0.0,0.0,0.0,0.06,-13.16,-0.01,-4.4557134,15.2881743,97.0,GUIDED
1776066728,14.98,2.33,0.0,0.0,0.0,0.06,-13.75,0.13,-4.4557031,15.2881743,97.0,GUIDED
1776066728,14.99,2.63,0.0,0.0,0.0,0.07,-13.76,0.06,-4.4556913,15.2881744,96.0,GUIDED
1776066729,14.99,2.96,0.0,0.0,0.0,0.07,-14.15,-0.23,-4.4556784,15.2881744,96.0,GUIDED
1776066729,14.99,3.22,0.0,0.0,0.0,0.03,-15.2,0.05,-4.4556574,15.2881745,96.0,GUIDED
1776066730,14.98,3.48,0.0,0.0,0.0,-0.02,-15.83,0.03,-4.4556423,15.2881745,96.0,GUIDED
1776066730,14.98,3.65,0.0,0.0,0.0,0.11,-16.24,0.06,-4.4556263,15.2881746,96.0,GUIDED
1776066731,14.98,3.88,0.0,0.0,0.0,0.14,-16.68,-0.11,-4.4556095,15.2881746,96.0,GUIDED
1776066731,14.98,4.02,0.0,0.0,0.0,0.33,-17.0,-0.34,-4.4555921,15.2881746,96.0,GUIDED
1776066732,14.97,4.14,0.0,0.0,0.0,0.42,-17.35,-0.42,-4.455574,15.2881747,96.0,GUIDED
1776066732,14.97,4.37,0.0,0.0,0.0,0.1,-17.64,-0.3,-4.4555458,15.2881749,95.0,GUIDED
1776066733,14.97,4.46,0.0,0.0,0.0,-0.08,-17.46,-0.1,-4.4555265,15.288175,95.0,GUIDED
1776066733,14.97,4.54,0.0,0.0,0.0,-0.18,-16.28,0.05,-4.455507,15.2881749,95.0,GUIDED
1776066734,14.97,4.51,0.0,0.0,0.0,0.08,-14.93,-0.25,-4.4554876,15.2881748,95.0,GUIDED
1776066734,14.97,4.27,0.0,0.0,0.0,0.08,-12.36,-0.06,-4.4554599,15.2881747,95.0,GUIDED
1776066735,14.97,4.06,0.0,0.0,0.0,0.15,-10.0,-0.2,-4.4554427,15.2881746,95.0,GUIDED
1776066735,14.97,3.62,0.0,0.0,0.0,0.14,-8.2,-0.23,-4.455427,15.2881746,95.0,GUIDED
1776066736,14.97,3.29,0.0,0.0,0.0,-0.13,-6.48,-0.14,-4.4554131,15.2881746,95.0,GUIDED
1776066737,14.96,2.95,0.0,0.0,0.0,-0.33,-4.4,0.15,-4.455401,15.2881746,95.0,GUIDED
1776066737,14.96,2.18,0.0,0.0,0.0,0.08,1.53,3.81,-4.4553867,15.2881743,94.0,GUIDED
1776066738,14.95,1.65,0.0,0.0,0.0,0.82,3.33,19.36,-4.4553805,15.2881742,94.0,GUIDED
1776066738,14.95,0.85,0.0,0.0,0.0,2.33,1.38,37.8,-4.455377,15.2881741,94.0,GUIDED
1776066739,14.95,0.51,0.0,0.0,0.0,4.47,-0.67,56.76,-4.4553752,15.2881744,94.0,GUIDED
1776066739,14.95,0.28,0.0,0.0,0.0,5.18,-2.55,75.75,-4.455375,15.2881755,94.0,GUIDED
1776066740,14.96,0.47,0.0,0.0,0.0,4.21,-4.27,95.11,-4.4553761,15.2881775,94.0,GUIDED
1776066740,14.96,0.7,0.0,0.0,0.0,2.93,-5.93,114.41,-4.4553783,15.2881802,94.0,GUIDED
1776066741,14.96,1.12,0.0,0.0,0.0,-0.78,-9.2,138.77,-4.4553834,15.2881855,94.0,GUIDED
1776066741,14.96,1.39,0.0,0.0,0.0,-1.27,-11.66,137.45,-4.455388,15.2881903,94.0,GUIDED
1776066742,14.96,1.92,0.0,0.0,0.0,0.78,-13.54,134.15,-4.4553937,15.2881966,93.0,GUIDED
1776066742,14.96,2.29,0.0,0.0,0.0,1.34,-14.25,134.92,-4.4554009,15.2882041,93.0,GUIDED
1776066743,14.96,2.78,0.0,0.0,0.0,0.9,-14.31,135.6,-4.4554094,15.2882125,93.0,GUIDED
1776066743,14.97,3.02,0.0,0.0,0.0,0.61,-14.73,135.54,-4.455419,15.2882216,93.0,GUIDED
1776066744,14.97,3.23,0.0,0.0,0.0,0.65,-15.28,135.33,-4.4554293,15.2882314,93.0,GUIDED
1776066744,14.97,3.51,0.0,0.0,0.0,0.94,-15.84,135.09,-4.4554403,15.2882419,93.0,GUIDED
1776066745,14.97,3.76,0.0,0.0,0.0,0.66,-16.59,135.35,-4.455458,15.2882585,93.0,GUIDED
1776066745,14.97,3.99,0.0,0.0,0.0,0.56,-17.03,135.16,-4.4554706,15.2882703,93.0,GUIDED
1776066746,14.97,4.14,0.0,0.0,0.0,0.69,-17.37,135.01,-4.4554836,15.2882826,93.0,GUIDED
1776066746,14.97,4.33,0.0,0.0,0.0,0.63,-17.44,135.19,-4.4554971,15.2882954,92.0,GUIDED
1776066747,14.98,4.43,0.0,0.0,0.0,0.61,-17.29,135.13,-4.455511,15.2883085,92.0,GUIDED
1776066747,14.98,4.49,0.0,0.0,0.0,0.27,-17.42,135.47,-4.455525,15.2883218,92.0,GUIDED
1776066748,14.98,4.58,0.0,0.0,0.0,0.14,-17.74,135.48,-4.4555392,15.2883355,92.0,GUIDED
1776066748,14.98,4.64,0.0,0.0,0.0,0.09,-17.92,135.43,-4.4555536,15.2883494,92.0,GUIDED
1776066749,14.99,4.72,0.0,0.0,0.0,0.47,-17.84,135.03,-4.4555754,15.2883707,92.0,GUIDED
1776066749,14.99,4.77,0.0,0.0,0.0,0.3,-18.05,135.38,-4.4555901,15.2883851,92.0,GUIDED
1776066750,14.99,4.83,0.0,0.0,0.0,0.06,-18.17,135.49,-4.4556049,15.2883996,92.0,GUIDED
1776066751,14.99,4.86,0.0,0.0,0.0,0.21,-18.26,135.38,-4.4556198,15.2884142,91.0,GUIDED
1776066751,14.99,4.89,0.0,0.0,0.0,0.35,-18.09,135.03,-4.4556348,15.288429,91.0,GUIDED
1776066752,14.99,4.9,0.0,0.0,0.0,0.3,-16.04,135.24,-4.4556573,15.2884512,91.0,GUIDED
1776066752,15.0,4.8,0.0,0.0,0.0,0.15,-14.36,135.44,-4.4556719,15.2884656,91.0,GUIDED
1776066753,15.01,4.52,0.0,0.0,0.0,0.24,-12.43,135.28,-4.4556857,15.2884792,91.0,GUIDED
1776066753,15.01,4.26,0.0,0.0,0.0,0.15,-10.0,135.13,-4.4556986,15.2884919,91.0,GUIDED
1776066754,15.01,3.76,0.0,0.0,0.0,0.16,-7.9,135.31,-4.4557102,15.2885033,91.0,GUIDED
1776066754,15.01,3.38,0.0,0.0,0.0,0.14,-5.98,135.39,-4.4557205,15.2885134,91.0,GUIDED
1776066755,15.01,3.0,0.0,0.0,0.0,0.12,-3.41,135.38,-4.4557292,15.288522,91.0,GUIDED
1776066755,15.01,2.09,0.0,0.0,0.0,1.96,3.06,141.88,-4.4557392,15.2885318,90.0,GUIDED
1776066756,15.01,1.47,0.0,0.0,0.0,6.98,0.71,158.42,-4.4557434,15.2885352,90.0,GUIDED
1776066756,15.01,0.88,0.0,0.0,0.0,7.08,-4.31,176.77,-4.4557472,15.2885356,90.0,GUIDED
1776066757,15.01,0.99,0.0,0.0,0.0,3.62,-7.11,-163.83,-4.4557513,15.288534,90.0,GUIDED
1776066757,15.01,1.32,0.0,0.0,0.0,1.04,-9.73,-144.6,-4.4557561,15.2885311,90.0,GUIDED
1776066758,15.01,1.6,0.0,0.0,0.0,-2.01,-11.57,-130.89,-4.455762,15.288527,90.0,GUIDED
1776066758,15.01,1.92,0.0,0.0,0.0,-1.41,-13.24,-133.46,-4.4557691,15.2885219,90.0,GUIDED
1776066759,15.01,2.57,0.0,0.0,0.0,2.01,-13.74,-135.98,-4.4557818,15.2885117,90.0,GUIDED
1776066759,15.01,2.82,0.0,0.0,0.0,1.63,-13.94,-134.67,-4.4557909,15.2885031,90.0,GUIDED
1776066760,15.01,3.1,0.0,0.0,0.0,1.07,-14.55,-134.96,-4.4558002,15.2884934,89.0,GUIDED
1776066760,15.01,3.28,0.0,0.0,0.0,1.13,-15.22,-135.46,-4.45581,15.288483,89.0,GUIDED
1776066761,15.01,3.54,0.0,0.0,0.0,1.21,-15.82,-135.26,-4.4558204,15.2884717,89.0,GUIDED
1776066761,15.01,3.71,0.0,0.0,0.0,1.14,-16.32,-135.01,-4.4558312,15.2884598,89.0,GUIDED
1776066762,15.01,3.86,0.0,0.0,0.0,0.78,-16.8,-134.97,-4.4558425,15.2884473,89.0,GUIDED
1776066762,15.01,4.14,0.0,0.0,0.0,0.78,-17.26,-135.35,-4.4558604,15.2884275,89.0,GUIDED
1776066763,15.01,4.26,0.0,0.0,0.0,0.65,-17.09,-135.31,-4.4558729,15.2884138,89.0,GUIDED
1776066763,15.01,4.39,0.0,0.0,0.0,0.58,-17.15,-135.18,-4.4558857,15.2883999,89.0,GUIDED
1776066764,15.01,4.45,0.0,0.0,0.0,0.66,-17.3,-135.18,-4.4558988,15.2883858,89.0,GUIDED
1776066765,15.01,4.52,0.0,0.0,0.0,0.64,-17.58,-135.29,-4.4559121,15.2883716,88.0,GUIDED
1776066765,15.01,4.58,0.0,0.0,0.0,0.55,-17.85,-135.16,-4.4559256,15.2883572,88.0,GUIDED
1776066766,15.01,4.64,0.0,0.0,0.0,0.31,-18.03,-135.31,-4.4559393,15.2883426,88.0,GUIDED
1776066766,15.01,4.75,0.0,0.0,0.0,0.42,-18.13,-135.36,-4.4559605,15.2883205,88.0,GUIDED
1776066767,15.01,4.79,0.0,0.0,0.0,0.34,-18.12,-135.1,-4.4559749,15.2883055,88.0,GUIDED
1776066767,15.01,4.83,0.0,0.0,0.0,0.09,-18.2,-135.02,-4.4559894,15.2882906,88.0,GUIDED
1776066768,15.01,4.86,0.0,0.0,0.0,0.14,-17.53,-135.04,-4.4560041,15.2882756,88.0,GUIDED
1776066768,15.01,4.82,0.0,0.0,0.0,0.17,-16.19,-134.88,-4.4560187,15.2882607,88.0,GUIDED
1776066769,15.01,4.72,0.0,0.0,0.0,0.12,-14.52,-134.9,-4.456033,15.2882462,87.0,GUIDED
1776066769,15.01,4.55,0.0,0.0,0.0,0.18,-12.88,-135.01,-4.4560465,15.2882324,87.0,GUIDED
1776066770,15.01,4.06,0.0,0.0,0.0,0.33,-9.48,-135.52,-4.4560651,15.2882135,87.0,GUIDED
1776066770,15.01,3.73,0.0,0.0,0.0,0.21,-7.58,-135.28,-4.4560759,15.2882024,87.0,GUIDED
1776066771,15.01,3.19,0.0,0.0,0.0,0.0,-5.56,-134.98,-4.4560854,15.2881925,87.0,GUIDED
1776066771,15.01,2.81,0.0,0.0,0.0,0.01,-2.77,-135.26,-4.4560935,15.2881842,87.0,GUIDED
1776066772,15.0,2.14,0.0,0.0,0.0,-0.07,2.05,-135.09,-4.4561,15.2881776,87.0,GUIDED
1776066772,15.0,1.23,0.0,0.0,0.0,1.75,2.22,-127.5,-4.4561059,15.2881718,87.0,GUIDED
1776066773,15.0,0.65,0.0,0.0,0.0,6.69,-1.79,-110.57,-4.4561075,15.2881695,87.0,GUIDED
1776066773,14.99,0.65,0.0,0.0,0.0,6.81,-4.95,-91.49,-4.4561069,15.2881666,86.0,GUIDED
1776066774,14.99,0.92,0.0,0.0,0.0,3.98,-6.9,-72.06,-4.4561046,15.288163,86.0,GUIDED
1776066774,14.99,1.28,0.0,0.0,0.0,1.39,-9.47,-52.63,-4.4561011,15.2881587,86.0,GUIDED
1776066775,14.99,1.7,0.0,0.0,0.0,-2.2,-12.54,-41.08,-4.4560937,15.2881503,86.0,GUIDED
1776066775,14.99,2.22,0.0,0.0,0.0,0.34,-13.72,-45.49,-4.4560874,15.2881429,86.0,GUIDED
1776066776,14.99,2.39,0.0,0.0,0.0,1.42,-13.77,-45.82,-4.4560838,15.2881388,86.0,GUIDED
1776066777,14.99,2.68,0.0,0.0,0.0,1.7,-13.74,-44.69,-4.4560755,15.2881302,86.0,GUIDED
1776066777,14.99,3.08,0.0,0.0,0.0,0.91,-14.49,-44.42,-4.456061,15.2881166,86.0,GUIDED
1776066778,14.99,3.26,0.0,0.0,0.0,0.72,-15.23,-44.51,-4.4560505,15.2881069,86.0,GUIDED
1776066778,14.99,3.52,0.0,0.0,0.0,0.78,-15.88,-44.63,-4.4560392,15.2880966,85.0,GUIDED
1776066779,14.99,3.69,0.0,0.0,0.0,0.94,-16.38,-44.59,-4.4560274,15.2880857,85.0,GUIDED
1776066779,14.99,3.93,0.0,0.0,0.0,0.86,-16.99,-44.57,-4.456015,15.2880744,85.0,GUIDED
1776066780,14.99,4.08,0.0,0.0,0.0,0.8,-17.24,-44.73,-4.4560019,15.2880626,85.0,GUIDED
1776066780,14.99,4.21,0.0,0.0,0.0,0.78,-17.56,-44.88,-4.4559884,15.2880503,85.0,GUIDED
1776066781,14.99,4.42,0.0,0.0,0.0,0.54,-17.21,-44.55,-4.4559675,15.288031,85.0,GUIDED
1776066781,14.99,4.48,0.0,0.0,0.0,0.25,-17.45,-44.31,-4.4559532,15.2880179,85.0,GUIDED
1776066782,14.99,4.56,0.0,0.0,0.0,0.28,-17.64,-44.83,-4.4559389,15.2880044,85.0,GUIDED
1776066782,14.99,4.61,0.0,0.0,0.0,0.54,-18.02,-45.02,-4.4559245,15.2879907,85.0,GUIDED
1776066783,14.99,4.7,0.0,0.0,0.0,0.58,-18.08,-45.02,-4.4559099,15.2879768,84.0,GUIDED
1776066783,14.99,4.74,0.0,0.0,0.0,0.44,-18.12,-44.58,-4.4558951,15.2879627,84.0,GUIDED
1776066784,14.98,4.82,0.0,0.0,0.0,0.13,-18.23,-44.62,-4.4558726,15.2879412,84.0,GUIDED
1776066784,14.98,4.85,0.0,0.0,0.0,0.3,-18.2,-45.03,-4.4558575,15.2879266,84.0,GUIDED
1776066785,14.98,4.88,0.0,0.0,0.0,0.28,-17.51,-44.88,-4.4558423,15.2879119,84.0,GUIDED
1776066785,14.98,4.85,0.0,0.0,0.0,0.41,-16.12,-44.76,-4.4558273,15.2878973,84.0,GUIDED
1776066786,14.99,4.75,0.0,0.0,0.0,0.25,-14.46,-44.76,-4.4558127,15.2878831,84.0,GUIDED
1776066786,14.99,4.48,0.0,0.0,0.0,0.28,-12.6,-44.97,-4.4557988,15.2878696,84.0,GUIDED
1776066787,14.99,4.08,0.0,0.0,0.0,0.08,-9.13,-44.74,-4.4557799,15.2878511,83.0,GUIDED
1776066787,14.99,3.55,0.0,0.0,0.0,-0.17,-7.29,-44.46,-4.4557689,15.2878403,83.0,GUIDED
1776066788,14.99,3.19,0.0,0.0,0.0,0.05,-5.21,-44.75,-4.4557594,15.2878308,83.0,GUIDED
1776066788,14.99,2.8,0.0,0.0,0.0,0.28,-2.25,-45.21,-4.4557513,15.2878228,83.0,GUIDED
1776066789,14.99,2.11,0.0,0.0,0.0,0.17,2.65,-44.82,-4.4557449,15.2878165,83.0,GUIDED
1776066789,14.99,1.51,0.0,0.0,0.0,0.05,11.11,-44.42,-4.4557409,15.2878125,83.0,RTL
1776066790,14.98,0.18,0.0,0.0,0.0,1.7,13.09,-44.49,-4.4557402,15.2878119,83.0,RTL
1776066790,14.99,0.65,0.0,0.0,0.0,5.76,7.14,-44.9,-4.4557419,15.2878145,83.0,RTL
1776066791,14.99,1.05,0.0,0.0,0.0,8.24,5.27,-45.02,-4.4557435,15.2878194,83.0,RTL
1776066792,14.99,1.6,0.0,0.0,0.0,8.04,7.55,-44.56,-4.455744,15.2878297,82.0,RTL
1776066792,14.99,1.88,0.0,0.0,0.0,8.25,9.14,-45.0,-4.4557439,15.2878384,82.0,RTL
1776066793,14.99,2.29,0.0,0.0,0.0,8.9,9.52,-44.86,-4.455744,15.2878485,82.0,RTL
1776066793,14.99,2.55,0.0,0.0,0.0,9.39,9.14,-44.59,-4.4557441,15.2878599,82.0,RTL
1776066794,14.99,2.92,0.0,0.0,0.0,9.94,9.61,-44.54,-4.4557439,15.2878788,82.0,RTL
1776066794,14.99,3.08,0.0,0.0,0.0,10.27,10.46,-44.8,-4.4557436,15.2878925,82.0,RTL
1776066795,14.99,3.33,0.0,0.0,0.0,10.73,10.97,-44.74,-4.4557434,15.287907,82.0,RTL
1776066795,14.99,3.49,0.0,0.0,0.0,11.09,11.35,-44.77,-4.4557432,15.2879223,82.0,RTL
1776066796,14.99,3.65,0.0,0.0,0.0,11.29,11.77,-44.96,-4.4557429,15.2879384,82.0,RTL
1776066796,14.99,3.93,0.0,0.0,0.0,11.87,12.24,-44.87,-4.4557427,15.2879638,81.0,RTL
1776066797,14.99,4.06,0.0,0.0,0.0,11.97,12.54,-45.05,-4.4557426,15.2879816,81.0,RTL
1776066797,14.99,4.25,0.0,0.0,0.0,12.15,12.7,-44.92,-4.4557425,15.288,81.0,RTL
1776066798,14.99,4.35,0.0,0.0,0.0,12.37,12.53,-44.58,-4.4557426,15.2880189,81.0,RTL
1776066798,14.99,4.46,0.0,0.0,0.0,11.82,11.89,-44.67,-4.4557425,15.2880382,81.0,RTL
1776066799,15.0,4.46,0.0,0.0,0.0,10.74,11.04,-44.83,-4.4557424,15.2880574,81.0,RTL
1776066799,15.0,4.39,0.0,0.0,0.0,9.55,10.17,-44.97,-4.4557423,15.2880762,81.0,RTL
1776066800,15.0,4.18,0.0,0.0,0.0,8.36,8.82,-44.91,-4.4557422,15.2880942,81.0,RTL
1776066800,15.01,3.96,0.0,0.0,0.0,6.93,7.14,-44.55,-4.4557422,15.288111,81.0,RTL
1776066801,15.01,3.53,0.0,0.0,0.0,5.78,6.0,-44.6,-4.4557422,15.2881262,80.0,RTL
1776066801,15.01,3.21,0.0,0.0,0.0,4.67,5.01,-44.7,-4.4557421,15.2881398,80.0,RTL
1776066802,15.01,2.89,0.0,0.0,0.0,3.25,3.54,-44.95,-4.4557422,15.2881518,80.0,RTL
1776066802,15.01,2.16,0.0,0.0,0.0,-3.86,-3.68,-44.85,-4.4557423,15.2881661,80.0,RTL
1776066803,14.96,1.48,0.0,0.0,0.0,-7.83,-7.67,-44.66,-4.4557423,15.288171,80.0,LAND
1776066803,14.74,0.19,0.0,0.0,0.0,-2.36,-2.31,-44.76,-4.4557424,15.2881718,80.0,LAND
1776066804,14.28,0.07,0.0,0.0,0.0,1.27,1.29,-44.49,-4.4557425,15.2881714,80.0,LAND
1776066805,13.61,0.05,0.0,0.0,0.0,1.73,1.67,-44.78,-4.4557425,15.2881714,80.0,LAND
1776066805,12.87,0.15,0.0,0.0,0.0,0.8,0.74,-44.88,-4.4557426,15.288172,80.0,LAND
1776066806,11.77,0.15,0.0,0.0,0.0,-0.05,-0.24,-44.67,-4.4557427,15.288173,79.0,LAND
1776066806,11.05,0.1,0.0,0.0,0.0,0.05,-0.24,-44.88,-4.4557427,15.2881734,79.0,LAND
1776066807,10.33,0.07,0.0,0.0,0.0,0.32,-0.0,-45.08,-4.4557427,15.2881736,79.0,LAND
1776066807,9.26,0.06,0.0,0.0,0.0,0.47,0.16,-44.69,-4.4557426,15.2881738,79.0,LAND
1776066808,8.64,0.07,0.0,0.0,0.0,0.28,-0.08,-44.7,-4.4557426,15.2881739,79.0,LAND
1776066808,8.23,0.08,0.0,0.0,0.0,0.03,-0.26,-44.6,-4.4557424,15.2881741,79.0,LAND
1776066809,7.98,0.07,0.0,0.0,0.0,0.0,-0.28,-44.79,-4.4557423,15.2881742,79.0,LAND
1776066809,7.78,0.07,0.0,0.0,0.0,0.03,-0.07,-44.88,-4.4557421,15.2881741,79.0,LAND
1776066810,7.55,0.07,0.0,0.0,0.0,0.12,-0.1,-44.79,-4.4557421,15.2881741,79.0,LAND
1776066810,7.3,0.07,0.0,0.0,0.0,0.01,0.03,-44.69,-4.4557419,15.288174,79.0,LAND
1776066811,6.93,0.05,0.0,0.0,0.0,0.01,0.09,-44.89,-4.4557417,15.2881739,78.0,LAND
1776066811,6.69,0.04,0.0,0.0,0.0,-0.18,-0.11,-44.72,-4.4557416,15.2881739,78.0,LAND
1776066812,6.46,0.04,0.0,0.0,0.0,-0.29,-0.01,-44.58,-4.4557415,15.2881738,78.0,LAND
1776066812,6.22,0.05,0.0,0.0,0.0,-0.1,0.16,-45.06,-4.4557414,15.2881737,78.0,LAND
1776066813,5.98,0.03,0.0,0.0,0.0,0.06,0.33,-44.88,-4.4557414,15.2881736,78.0,LAND
1776066813,5.74,0.02,0.0,0.0,0.0,-0.01,0.23,-44.66,-4.4557414,15.2881735,78.0,LAND
1776066814,5.5,0.01,0.0,0.0,0.0,0.04,0.25,-44.65,-4.4557413,15.2881735,78.0,LAND
1776066814,5.26,0.0,0.0,0.0,0.0,-0.0,0.1,-44.55,-4.4557413,15.2881735,78.0,LAND
1776066815,5.02,0.0,0.0,0.0,0.0,-0.02,0.16,-44.58,-4.4557414,15.2881734,78.0,LAND
1776066815,4.78,0.01,0.0,0.0,0.0,-0.11,0.18,-44.83,-4.4557414,15.2881735,78.0,LAND
1776066816,4.54,0.01,0.0,0.0,0.0,-0.32,0.18,-44.96,-4.4557414,15.2881734,77.0,LAND
1776066816,4.3,0.03,0.0,0.0,0.0,-0.2,0.28,-44.68,-4.4557414,15.2881734,77.0,LAND
1776066817,3.94,0.04,0.0,0.0,0.0,0.19,0.17,-44.84,-4.4557416,15.2881733,77.0,LAND
1776066817,3.7,0.02,0.0,0.0,0.0,0.16,0.25,-44.89,-4.4557417,15.2881733,77.0,LAND
1776066818,3.46,0.02,0.0,0.0,0.0,0.06,0.04,-44.45,-4.4557418,15.2881734,77.0,LAND
1776066818,3.22,0.01,0.0,0.0,0.0,-0.11,-0.05,-44.82,-4.4557418,15.2881734,77.0,LAND
1776066819,2.98,0.01,0.0,0.0,0.0,-0.03,0.14,-45.14,-4.4557418,15.2881733,77.0,LAND
1776066820,2.62,0.01,0.0,0.0,0.0,0.03,0.46,-44.97,-4.4557418,15.2881732,77.0,LAND
1776066820,2.39,0.03,0.0,0.0,0.0,-0.0,0.29,-45.08,-4.4557418,15.2881733,77.0,LAND
1776066821,2.15,0.04,0.0,0.0,0.0,0.0,0.08,-44.87,-4.4557419,15.2881733,76.0,LAND
1776066821,1.91,0.03,0.0,0.0,0.0,-0.02,0.18,-44.55,-4.455742,15.2881733,76.0,LAND
1776066822,1.66,0.02,0.0,0.0,0.0,0.2,0.03,-44.54,-4.4557421,15.2881733,76.0,LAND
1776066822,1.31,0.01,0.0,0.0,0.0,0.15,0.18,-45.11,-4.4557421,15.2881733,76.0,LAND
1776066823,1.07,0.02,0.0,0.0,0.0,0.01,0.36,-44.71,-4.4557421,15.2881734,76.0,LAND
1776066823,0.83,0.02,0.0,0.0,0.0,0.06,0.21,-44.82,-4.4557421,15.2881735,76.0,LAND
1776066824,0.59,0.03,0.0,0.0,0.0,-0.01,0.01,-44.66,-4.4557421,15.2881736,76.0,LAND
1776066824,0.35,0.01,0.0,0.0,0.0,-0.01,-0.12,-44.81,-4.4557421,15.2881736,76.0,LAND
1776066825,0.11,0.0,0.0,0.0,0.0,0.02,-0.04,-44.81,-4.4557421,15.2881736,76.0,LAND
1776066825,-0.12,0.0,0.0,0.0,0.0,0.16,0.26,-44.87,-4.4557421,15.2881736,75.0,LAND
1776066826,-0.34,0.01,0.0,0.0,0.0,0.22,0.11,-44.84,-4.4557421,15.2881736,75.0,LAND
1776066826,-0.55,0.01,0.0,0.0,0.0,0.01,0.19,-44.67,-4.4557421,15.2881736,75.0,LAND
1776066827,-0.75,0.01,0.0,0.0,0.0,-0.15,0.24,-44.69,-4.4557421,15.2881737,75.0,LAND
1776066827,-1.03,0.01,0.0,0.0,0.0,-0.03,0.09,-44.82,-4.4557421,15.2881737,75.0,LAND
1776066828,-1.2,0.01,0.0,0.0,0.0,0.02,-0.04,-44.76,-4.4557421,15.2881737,75.0,LAND
1776066828,0.1,0.0,0.0,0.0,0.0,-0.04,-0.14,-44.69,-4.4557421,15.2881733,75.0,LAND
1776066829,0.1,0.0,0.0,0.0,0.0,-0.08,-0.17,-44.71,-4.4557421,15.2881733,75.0,LAND
1776066877,0.0,0.0,0.0,0.0,0.0,0.01,0.04,0.07,-4.4557421,15.2881738,100.0,STABILIZE
1776066878,0.0,0.0,0.0,0.0,0.0,0.01,0.04,0.07,-4.4557421,15.2881738,100.0,STABILIZE
1776066878,0.0,0.0,0.0,0.0,0.0,0.01,0.04,0.07,-4.4557421,15.2881738,100.0,STABILIZE
1776066879,0.0,0.0,0.0,0.0,0.0,0.01,0.04,0.07,-4.4557421,15.2881738,100.0,STABILIZE
1776066879,0.0,0.0,0.0,0.0,0.0,0.01,0.04,0.07,-4.4557421,15.2881738,100.0,STABILIZE
1776066880,0.0,0.0,0.0,0.0,0.0,0.01,0.04,0.07,-4.4557421,15.2881738,100.0,STABILIZE
1776066880,0.0,0.0,0.0,0.0,0.0,0.01,0.04,0.07,-4.4557421,15.2881738,100.0,STABILIZE
1776066881,0.0,0.0,0.0,0.0,0.0,0.01,0.04,0.07,-4.4557421,15.2881738,100.0,GUIDED
1776066881,0.0,0.0,0.0,0.0,0.0,0.0,0.04,0.07,-4.4557421,15.2881738,100.0,GUIDED
1776066882,0.0,0.0,0.0,0.0,0.0,0.0,0.04,0.08,-4.4557421,15.2881738,100.0,GUIDED
1776066882,0.0,0.0,0.0,0.0,0.0,0.09,0.04,0.24,-4.4557421,15.2881738,100.0,GUIDED
1776066883,0.0,0.0,0.0,0.0,0.0,0.15,0.04,0.4,-4.4557421,15.2881738,100.0,GUIDED
1776066884,0.0,0.0,0.0,0.0,0.0,0.19,0.03,0.54,-4.4557421,15.2881738,100.0,GUIDED
1776066884,0.0,0.0,0.0,0.0,0.0,0.22,0.03,0.69,-4.4557421,15.2881738,100.0,GUIDED
1776066885,0.0,0.0,0.0,0.0,0.0,0.23,0.03,0.82,-4.4557421,15.2881738,100.0,GUIDED
1776066885,0.0,0.0,0.0,0.0,0.0,0.23,0.03,1.02,-4.4557421,15.2881738,100.0,GUIDED
1776066886,0.0,0.0,0.0,0.0,0.0,0.22,0.03,1.15,-4.4557421,15.2881738,100.0,GUIDED
1776066886,0.0,0.0,0.0,0.0,0.0,0.2,0.03,1.28,-4.4557421,15.2881738,100.0,GUIDED
1776066887,0.0,0.0,0.0,0.0,0.0,0.18,0.03,1.4,-4.4557421,15.2881738,100.0,GUIDED
1776066887,0.0,0.0,0.0,0.0,0.0,0.15,0.03,1.57,-4.4557421,15.2881738,100.0,GUIDED
1776066888,0.0,0.0,0.0,0.0,0.0,0.13,0.03,1.67,-4.4557421,15.2881738,100.0,GUIDED
1776066888,0.0,0.0,0.0,0.0,0.0,0.12,0.03,1.76,-4.4557421,15.2881738,100.0,GUIDED
1776066889,0.0,0.0,0.0,0.0,0.0,0.1,0.03,1.85,-4.4557421,15.2881738,100.0,GUIDED
1776066889,0.0,0.0,0.0,0.0,0.0,0.08,0.03,1.93,-4.4557421,15.2881738,100.0,GUIDED
1776066890,0.0,0.0,0.0,0.0,0.0,0.06,0.03,2.03,-4.4557421,15.2881738,100.0,GUIDED
1776066890,0.0,0.0,0.0,0.0,0.0,0.05,0.03,2.08,-4.4557421,15.2881738,100.0,GUIDED
1776066891,0.0,0.0,0.0,0.0,0.0,0.04,0.03,2.14,-4.4557421,15.2881738,100.0,GUIDED
1776066891,0.0,0.0,0.0,0.0,0.0,0.03,0.03,2.18,-4.4557421,15.2881738,100.0,GUIDED
1776066892,0.0,0.0,0.0,0.0,0.0,0.03,0.03,2.22,-4.4557421,15.2881738,100.0,GUIDED
1776066892,0.0,0.0,0.0,0.0,0.0,0.02,0.03,2.25,-4.4557421,15.2881738,100.0,GUIDED
1776066893,0.0,0.0,0.0,0.0,0.0,0.01,0.04,2.29,-4.4557421,15.2881738,100.0,GUIDED
1776066893,0.0,0.0,0.0,0.0,0.0,0.01,0.04,2.32,-4.4557421,15.2881738,100.0,GUIDED
1776066894,0.0,0.0,0.0,0.0,0.0,0.0,0.04,2.34,-4.4557421,15.2881738,100.0,GUIDED
1776066894,0.0,0.0,0.0,0.0,0.0,0.0,0.04,2.36,-4.4557421,15.2881738,100.0,GUIDED
1776066895,0.0,0.0,0.0,0.0,0.0,-0.0,0.04,2.38,-4.4557421,15.2881738,100.0,GUIDED
1776066895,0.0,0.0,0.0,0.0,0.0,-0.0,0.04,2.4,-4.4557421,15.2881738,100.0,GUIDED
1776066896,0.0,0.0,0.0,0.0,0.0,-0.0,0.04,2.41,-4.4557421,15.2881738,100.0,GUIDED
1776066896,0.0,0.0,0.0,0.0,0.0,-0.0,0.04,2.42,-4.4557421,15.2881738,100.0,GUIDED
1776066897,0.0,0.0,0.0,0.0,0.0,0.0,0.04,2.42,-4.4557421,15.2881738,100.0,GUIDED
1776066897,0.0,0.0,0.0,0.0,0.0,0.0,0.04,2.43,-4.4557421,15.2881738,100.0,GUIDED
1776066898,0.0,0.0,0.0,0.0,0.0,0.0,0.05,2.43,-4.4557421,15.2881738,100.0,GUIDED
1776066898,0.0,0.0,0.0,0.0,0.0,0.0,0.05,2.44,-4.4557421,15.2881738,100.0,GUIDED
1776066899,0.0,0.0,0.0,0.0,0.0,0.0,0.05,2.44,-4.4557421,15.2881738,100.0,GUIDED
1776066900,0.0,0.0,0.0,0.0,0.0,0.0,0.05,2.44,-4.4557421,15.2881738,100.0,GUIDED
1776066900,0.0,0.0,0.0,0.0,0.0,0.0,0.05,2.44,-4.4557421,15.2881738,100.0,GUIDED
1776066901,0.0,0.0,0.0,0.0,0.0,0.0,0.05,2.44,-4.4557421,15.2881738,100.0,GUIDED
1776066901,0.0,0.0,0.0,0.0,0.0,0.0,0.05,2.44,-4.4557421,15.2881738,100.0,GUIDED
1776066902,0.0,0.0,0.0,0.0,0.0,0.01,0.05,2.44,-4.4557421,15.2881738,100.0,GUIDED
1776066902,0.0,0.0,0.0,0.0,0.0,0.01,0.05,2.44,-4.4557421,15.2881738,100.0,GUIDED
1776066903,0.0,0.0,0.0,0.0,0.0,0.01,0.05,2.44,-4.4557421,15.2881738,100.0,GUIDED
1776066903,0.0,0.0,0.0,0.0,0.0,0.01,0.05,2.44,-4.4557421,15.2881738,100.0,GUIDED
1776066904,0.0,0.0,0.0,0.0,0.0,0.01,0.05,2.44,-4.4557421,15.2881738,100.0,GUIDED
1776066904,0.0,0.0,0.0,0.0,0.0,0.01,0.05,2.44,-4.4557421,15.2881738,100.0,GUIDED
1776066905,0.0,0.0,0.0,0.0,0.0,0.01,0.05,2.43,-4.4557421,15.2881738,100.0,GUIDED
1776066905,0.0,0.0,0.0,0.0,0.0,0.01,0.05,2.43,-4.4557421,15.2881738,100.0,GUIDED
1776066906,0.0,0.0,0.0,0.0,0.0,0.01,0.06,2.43,-4.4557421,15.2881738,100.0,GUIDED
1776066906,0.0,0.0,0.0,0.0,0.0,0.01,0.06,2.43,-4.4557421,15.2881738,100.0,GUIDED
1776066907,0.0,0.0,0.0,0.0,0.0,0.01,0.06,2.43,-4.4557421,15.2881738,100.0,GUIDED
1776066907,0.0,0.0,0.0,0.0,0.0,0.05,0.12,0.02,-4.4557422,15.2881738,99.0,GUIDED
1776066908,0.0,0.0,0.0,0.0,0.0,0.06,0.01,0.07,-4.4557423,15.2881738,99.0,GUIDED
1776066908,0.0,0.0,0.0,0.0,0.0,-0.07,-0.2,0.12,-4.4557424,15.2881738,99.0,GUIDED
1776066909,0.0,0.01,0.0,0.0,0.0,-0.23,-0.35,0.12,-4.4557425,15.2881739,99.0,GUIDED
1776066909,0.2,0.07,0.0,0.0,0.0,-0.09,-0.23,0.05,-4.4557424,15.2881738,99.0,GUIDED
1776066910,0.71,0.09,0.0,0.0,0.0,0.05,-0.01,0.22,-4.4557423,15.2881738,99.0,GUIDED
1776066910,1.45,0.09,0.0,0.0,0.0,0.13,0.1,0.2,-4.4557421,15.2881737,99.0,GUIDED
1776066911,2.34,0.08,0.0,0.0,0.0,0.03,0.16,-0.87,-4.4557421,15.2881736,99.0,GUIDED
1776066911,3.3,0.07,0.0,0.0,0.0,0.08,0.11,-0.63,-4.4557419,15.2881736,99.0,GUIDED
1776066912,4.32,0.06,0.0,0.0,0.0,0.12,0.13,-0.46,-4.4557417,15.2881734,99.0,GUIDED
1776066912,5.37,0.04,0.0,0.0,0.0,0.22,0.26,-0.61,-4.4557415,15.2881733,98.0,GUIDED
1776066913,6.45,0.03,0.0,0.0,0.0,0.24,0.47,-0.71,-4.4557414,15.2881733,98.0,GUIDED
1776066913,8.11,0.02,0.0,0.0,0.0,0.24,0.35,-1.0,-4.4557413,15.2881732,98.0,GUIDED
1776066914,9.23,0.04,0.0,0.0,0.0,0.3,0.2,-1.1,-4.4557413,15.2881732,98.0,GUIDED
1776066915,10.34,0.05,0.0,0.0,0.0,0.05,0.26,-0.94,-4.4557414,15.2881733,98.0,GUIDED
1776066915,11.45,0.05,0.0,0.0,0.0,0.01,0.37,-0.91,-4.4557414,15.2881734,98.0,GUIDED
1776066916,12.5,0.06,0.0,0.0,0.0,-0.06,0.25,-0.55,-4.4557416,15.2881734,98.0,GUIDED
1776066916,13.4,0.06,0.0,0.0,0.0,0.15,0.15,-0.82,-4.4557418,15.2881734,98.0,GUIDED
1776066917,14.06,0.06,0.0,0.0,0.0,0.27,-0.01,-0.88,-4.4557419,15.2881735,97.0,GUIDED
1776066917,14.57,0.05,0.0,0.0,0.0,0.11,0.1,-0.75,-4.455742,15.2881736,97.0,GUIDED
1776066918,14.72,0.05,0.0,0.0,0.0,0.04,-3.21,-0.2,-4.4557419,15.2881738,97.0,GUIDED
1776066918,14.79,0.22,0.0,0.0,0.0,-0.1,-7.14,0.11,-4.4557409,15.2881738,97.0,GUIDED
1776066919,14.85,0.58,0.0,0.0,0.0,-0.17,-8.3,0.23,-4.4557379,15.2881739,97.0,GUIDED
1776066919,14.9,1.09,0.0,0.0,0.0,-0.12,-8.08,0.06,-4.4557333,15.2881739,97.0,GUIDED
1776066920,14.94,1.33,0.0,0.0,0.0,0.1,-9.71,0.14,-4.4557273,15.2881738,97.0,GUIDED
1776066920,14.96,1.59,0.0,0.0,0.0,0.21,-11.77,-0.2,-4.4557199,15.2881739,97.0,GUIDED
1776066921,14.97,2.06,0.0,0.0,0.0,0.14,-13.38,-0.21,-4.4557109,15.2881739,97.0,GUIDED
1776066921,14.98,2.4,0.0,0.0,0.0,0.22,-13.66,-0.13,-4.4557003,15.288174,97.0,GUIDED
1776066922,14.98,2.81,0.0,0.0,0.0,0.24,-13.86,-0.25,-4.4556882,15.2881741,96.0,GUIDED
1776066922,14.98,3.11,0.0,0.0,0.0,0.02,-14.83,0.03,-4.4556682,15.2881742,96.0,GUIDED
1776066923,14.98,3.39,0.0,0.0,0.0,0.2,-15.47,-0.14,-4.4556537,15.2881743,96.0,GUIDED
1776066923,14.98,3.56,0.0,0.0,0.0,0.32,-16.0,-0.34,-4.4556382,15.2881743,96.0,GUIDED
1776066924,14.97,3.73,0.0,0.0,0.0,0.27,-16.43,-0.06,-4.4556219,15.2881743,96.0,GUIDED
1776066924,14.97,3.96,0.0,0.0,0.0,0.1,-16.83,0.13,-4.4556048,15.2881744,96.0,GUIDED
1776066925,14.97,4.09,0.0,0.0,0.0,0.0,-17.17,0.09,-4.455587,15.2881745,96.0,GUIDED
1776066925,14.97,4.27,0.0,0.0,0.0,0.17,-17.53,-0.14,-4.4555687,15.2881745,96.0,GUIDED
1776066926,14.96,4.44,0.0,0.0,0.0,0.28,-18.0,0.14,-4.4555401,15.2881745,95.0,GUIDED
1776066926,14.96,4.58,0.0,0.0,0.0,0.42,-17.28,-0.01,-4.4555205,15.2881746,95.0,GUIDED
1776066927,14.96,4.61,0.0,0.0,0.0,0.29,-15.89,-0.15,-4.4555007,15.2881747,95.0,GUIDED
1776066927,14.96,4.55,0.0,0.0,0.0,0.15,-14.39,-0.11,-4.4554812,15.2881749,95.0,GUIDED
1776066928,14.96,4.25,0.0,0.0,0.0,0.12,-11.7,-0.34,-4.4554536,15.288175,95.0,GUIDED
1776066929,14.96,4.02,0.0,0.0,0.0,0.06,-9.34,-0.11,-4.4554367,15.2881751,95.0,GUIDED
1776066929,14.96,3.55,0.0,0.0,0.0,-0.13,-7.56,-0.11,-4.4554214,15.2881752,95.0,GUIDED
1776066930,14.96,3.21,0.0,0.0,0.0,-0.36,-5.75,-0.08,-4.455408,15.2881752,95.0,GUIDED
1776066930,14.96,2.67,0.0,0.0,0.0,-0.47,-3.12,0.23,-4.4553964,15.2881751,95.0,GUIDED
1776066931,14.95,2.0,0.0,0.0,0.0,0.08,3.32,7.67,-4.4553834,15.2881748,94.0,GUIDED
1776066931,14.95,1.12,0.0,0.0,0.0,1.14,2.81,24.61,-4.4553784,15.2881745,94.0,GUIDED
1776066932,14.95,0.69,0.0,0.0,0.0,3.3,0.65,43.46,-4.4553756,15.2881744,94.0,GUIDED
1776066932,14.95,0.38,0.0,0.0,0.0,5.1,-1.27,62.73,-4.4553746,15.2881749,94.0,GUIDED
1776066933,14.95,0.32,0.0,0.0,0.0,4.93,-3.02,82.18,-4.4553749,15.2881764,94.0,GUIDED
1776066933,14.96,0.55,0.0,0.0,0.0,3.33,-5.7,111.2,-4.4553777,15.28818,94.0,GUIDED
1776066934,14.96,0.99,0.0,0.0,0.0,1.4,-7.72,130.5,-4.4553808,15.2881832,94.0,GUIDED
1776066934,14.96,1.23,0.0,0.0,0.0,-1.46,-10.24,139.96,-4.4553848,15.2881872,94.0,GUIDED
1776066935,14.96,1.7,0.0,0.0,0.0,-0.55,-12.58,135.89,-4.4553899,15.2881925,94.0,GUIDED
1776066935,14.96,2.08,0.0,0.0,0.0,1.27,-14.08,134.01,-4.4553963,15.2881993,93.0,GUIDED
1776066936,14.96,2.45,0.0,0.0,0.0,1.19,-14.33,135.42,-4.4554042,15.2882072,93.0,GUIDED
1776066936,14.97,2.9,0.0,0.0,0.0,0.62,-14.33,135.71,-4.4554134,15.2882158,93.0,GUIDED
1776066937,14.97,3.12,0.0,0.0,0.0,0.53,-14.71,135.35,-4.4554234,15.2882252,93.0,GUIDED
1776066937,14.98,3.39,0.0,0.0,0.0,0.54,-15.44,135.42,-4.455434,15.2882353,93.0,GUIDED
1776066938,14.98,3.56,0.0,0.0,0.0,0.48,-16.06,135.55,-4.4554453,15.2882459,93.0,GUIDED
1776066938,14.98,3.74,0.0,0.0,0.0,0.67,-16.59,135.17,-4.4554572,15.2882571,93.0,GUIDED
1776066939,14.98,4.06,0.0,0.0,0.0,0.71,-17.14,135.08,-4.4554761,15.288275,93.0,GUIDED
1776066939,14.98,4.19,0.0,0.0,0.0,0.46,-17.41,135.29,-4.4554893,15.2882875,92.0,GUIDED
1776066940,14.99,4.36,0.0,0.0,0.0,0.41,-17.43,135.12,-4.4555029,15.2883004,92.0,GUIDED
1776066940,14.99,4.45,0.0,0.0,0.0,0.35,-17.37,135.31,-4.4555167,15.2883137,92.0,GUIDED
1776066941,14.99,4.55,0.0,0.0,0.0,0.34,-17.62,135.35,-4.4555307,15.2883272,92.0,GUIDED
1776066941,14.99,4.61,0.0,0.0,0.0,0.41,-17.81,135.46,-4.4555449,15.288341,92.0,GUIDED
1776066942,14.99,4.66,0.0,0.0,0.0,0.49,-17.97,135.46,-4.4555593,15.288355,92.0,GUIDED
1776066943,14.99,4.77,0.0,0.0,0.0,0.41,-18.14,134.97,-4.4555814,15.2883763,92.0,GUIDED
1776066943,15.0,4.82,0.0,0.0,0.0,0.42,-18.16,134.95,-4.4555963,15.2883908,92.0,GUIDED
1776066944,15.0,4.87,0.0,0.0,0.0,0.34,-18.2,135.19,-4.4556113,15.2884054,92.0,GUIDED
1776066944,15.0,4.9,0.0,0.0,0.0,0.09,-18.25,135.33,-4.4556264,15.2884201,91.0,GUIDED
1776066945,15.0,4.93,0.0,0.0,0.0,-0.13,-17.61,135.28,-4.4556416,15.288435,91.0,GUIDED
1776066945,15.0,4.9,0.0,0.0,0.0,0.09,-16.15,135.0,-4.4556567,15.2884498,91.0,GUIDED
1776066946,15.01,4.81,0.0,0.0,0.0,0.03,-14.51,135.06,-4.4556712,15.2884642,91.0,GUIDED
1776066946,15.01,4.42,0.0,0.0,0.0,0.08,-11.5,135.23,-4.4556916,15.2884846,91.0,GUIDED
1776066947,15.02,4.14,0.0,0.0,0.0,0.2,-8.98,135.06,-4.4557039,15.2884968,91.0,GUIDED
1776066947,15.02,3.6,0.0,0.0,0.0,0.26,-7.16,135.13,-4.4557148,15.2885078,91.0,GUIDED
1776066948,15.02,3.23,0.0,0.0,0.0,0.15,-5.13,135.18,-4.4557244,15.2885173,91.0,GUIDED
1776066948,15.02,2.63,0.0,0.0,0.0,0.11,-2.07,134.99,-4.4557325,15.2885253,91.0,GUIDED
1776066949,15.02,2.15,0.0,0.0,0.0,0.92,3.12,138.5,-4.4557388,15.2885316,90.0,GUIDED
1776066949,15.02,1.53,0.0,0.0,0.0,6.04,1.67,154.17,-4.455743,15.2885354,90.0,GUIDED
1776066950,15.02,0.83,0.0,0.0,0.0,6.29,-5.4,-177.83,-4.4557483,15.288536,90.0,GUIDED
1776066950,15.02,1.02,0.0,0.0,0.0,3.08,-7.69,-158.2,-4.4557526,15.2885338,90.0,GUIDED
1776066951,15.02,1.37,0.0,0.0,0.0,0.27,-10.14,-138.54,-4.4557575,15.2885305,90.0,GUIDED
1776066951,15.02,1.65,0.0,0.0,0.0,-2.44,-11.85,-130.42,-4.4557635,15.288526,90.0,GUIDED
1776066952,15.02,2.15,0.0,0.0,0.0,-0.45,-13.58,-134.98,-4.4557708,15.2885205,90.0,GUIDED
1776066952,15.02,2.48,0.0,0.0,0.0,1.89,-13.88,-136.59,-4.4557791,15.2885136,90.0,GUIDED
1776066953,15.02,2.75,0.0,0.0,0.0,1.72,-13.95,-135.04,-4.455788,15.2885052,90.0,GUIDED
1776066953,15.02,3.15,0.0,0.0,0.0,0.84,-14.81,-134.89,-4.4558019,15.2884906,89.0,GUIDED
1776066954,15.01,3.32,0.0,0.0,0.0,0.96,-15.48,-135.24,-4.4558119,15.2884799,89.0,GUIDED
1776066954,15.01,3.59,0.0,0.0,0.0,0.81,-16.12,-135.0,-4.4558224,15.2884685,89.0,GUIDED
1776066955,15.01,3.75,0.0,0.0,0.0,0.78,-16.47,-134.97,-4.4558334,15.2884565,89.0,GUIDED
1776066955,15.01,3.97,0.0,0.0,0.0,0.84,-16.75,-135.19,-4.455845,15.2884438,89.0,GUIDED
1776066956,15.01,4.1,0.0,0.0,0.0,0.81,-17.19,-134.94,-4.455857,15.2884307,89.0,GUIDED
1776066957,15.01,4.22,0.0,0.0,0.0,0.77,-17.34,-134.96,-4.4558695,15.2884172,89.0,GUIDED
1776066957,15.01,4.4,0.0,0.0,0.0,0.76,-17.17,-135.25,-4.4558887,15.2883964,89.0,GUIDED
1776066958,15.01,4.45,0.0,0.0,0.0,0.53,-17.55,-135.36,-4.4559018,15.2883822,88.0,GUIDED
1776066958,15.0,4.55,0.0,0.0,0.0,0.45,-17.81,-135.35,-4.4559151,15.2883679,88.0,GUIDED
1776066959,15.0,4.61,0.0,0.0,0.0,0.34,-17.96,-134.8,-4.4559288,15.2883534,88.0,GUIDED
1776066959,15.0,4.69,0.0,0.0,0.0,0.35,-17.89,-135.05,-4.4559428,15.2883387,88.0,GUIDED
1776066960,15.0,4.73,0.0,0.0,0.0,0.38,-17.96,-135.17,-4.4559569,15.2883239,88.0,GUIDED
1776066960,15.0,4.76,0.0,0.0,0.0,0.17,-17.99,-134.96,-4.4559712,15.288309,88.0,GUIDED
1776066961,15.0,4.82,0.0,0.0,0.0,0.06,-18.15,-135.06,-4.4559929,15.2882867,88.0,GUIDED
1776066961,15.0,4.84,0.0,0.0,0.0,0.09,-17.49,-135.01,-4.4560075,15.2882718,88.0,GUIDED
1776066962,15.0,4.82,0.0,0.0,0.0,0.19,-16.06,-135.05,-4.456022,15.288257,88.0,GUIDED
1776066962,15.01,4.72,0.0,0.0,0.0,0.27,-14.37,-135.32,-4.4560361,15.2882426,87.0,GUIDED
1776066963,15.01,4.44,0.0,0.0,0.0,0.25,-12.41,-135.24,-4.4560496,15.2882289,87.0,GUIDED
1776066963,15.01,4.02,0.0,0.0,0.0,-0.07,-8.82,-134.84,-4.4560679,15.2882103,87.0,GUIDED
1776066964,15.01,3.49,0.0,0.0,0.0,-0.1,-7.0,-135.12,-4.4560785,15.2881995,87.0,GUIDED
1776066964,15.01,3.11,0.0,0.0,0.0,-0.03,-4.92,-135.32,-4.4560878,15.2881902,87.0,GUIDED
1776066965,15.0,2.72,0.0,0.0,0.0,0.17,-1.76,-135.39,-4.4560956,15.2881824,87.0,GUIDED
1776066965,15.0,2.01,0.0,0.0,0.0,0.18,3.18,-135.22,-4.4561016,15.2881764,87.0,GUIDED
1776066966,15.0,1.39,0.0,0.0,0.0,0.43,2.95,-132.75,-4.4561055,15.2881726,87.0,GUIDED
1776066966,14.99,0.7,0.0,0.0,0.0,5.18,-0.54,-117.98,-4.4561075,15.2881703,87.0,GUIDED
1776066967,14.99,0.59,0.0,0.0,0.0,7.49,-3.85,-99.82,-4.4561077,15.2881677,86.0,GUIDED
1776066967,14.99,0.8,0.0,0.0,0.0,5.25,-5.88,-80.63,-4.4561058,15.2881644,86.0,GUIDED
1776066968,14.99,1.3,0.0,0.0,0.0,1.39,-9.95,-51.49,-4.4561006,15.288158,86.0,GUIDED
1776066968,14.99,1.58,0.0,0.0,0.0,-1.91,-11.97,-40.36,-4.4560957,15.2881526,86.0,GUIDED
1776066969,14.99,2.08,0.0,0.0,0.0,-0.88,-13.44,-43.8,-4.4560897,15.2881458,86.0,GUIDED
1776066970,14.99,2.42,0.0,0.0,0.0,1.52,-13.78,-45.91,-4.4560825,15.2881378,86.0,GUIDED
1776066970,14.99,2.82,0.0,0.0,0.0,1.28,-14.08,-44.26,-4.4560693,15.2881247,86.0,GUIDED
1776066971,14.99,3.12,0.0,0.0,0.0,1.0,-14.73,-44.66,-4.4560593,15.2881154,86.0,GUIDED
1776066971,14.99,3.38,0.0,0.0,0.0,1.1,-15.39,-45.17,-4.4560485,15.2881057,86.0,GUIDED
1776066972,14.99,3.56,0.0,0.0,0.0,0.72,-16.0,-44.54,-4.456037,15.2880953,85.0,GUIDED
1776066972,14.99,3.72,0.0,0.0,0.0,0.61,-16.56,-44.36,-4.456025,15.2880844,85.0,GUIDED
1776066973,14.99,3.95,0.0,0.0,0.0,0.67,-16.94,-44.48,-4.4560123,15.2880729,85.0,GUIDED
1776066973,14.99,4.09,0.0,0.0,0.0,0.84,-17.31,-45.03,-4.4559992,15.2880609,85.0,GUIDED
1776066974,14.98,4.28,0.0,0.0,0.0,0.8,-17.48,-45.03,-4.4559856,15.2880485,85.0,GUIDED
1776066974,14.99,4.39,0.0,0.0,0.0,0.5,-17.35,-44.59,-4.4559716,15.2880357,85.0,GUIDED
1776066975,14.99,4.46,0.0,0.0,0.0,0.3,-17.37,-44.77,-4.4559574,15.2880226,85.0,GUIDED
1776066975,14.98,4.57,0.0,0.0,0.0,0.24,-17.69,-44.75,-4.455936,15.2880024,85.0,GUIDED
1776066976,14.98,4.62,0.0,0.0,0.0,0.27,-17.97,-44.37,-4.4559215,15.2879886,85.0,GUIDED
1776066976,14.98,4.71,0.0,0.0,0.0,0.14,-18.16,-44.47,-4.4559069,15.2879746,84.0,GUIDED
1776066977,14.98,4.76,0.0,0.0,0.0,0.18,-18.1,-44.75,-4.455892,15.2879604,84.0,GUIDED
1776066977,14.98,4.82,0.0,0.0,0.0,0.17,-18.15,-44.69,-4.4558771,15.287946,84.0,GUIDED
1776066978,14.98,4.86,0.0,0.0,0.0,0.13,-18.24,-45.0,-4.4558546,15.287924,84.0,GUIDED
1776066978,14.98,4.89,0.0,0.0,0.0,0.14,-17.4,-44.8,-4.4558396,15.2879093,84.0,GUIDED
1776066979,14.99,4.86,0.0,0.0,0.0,0.22,-15.86,-44.82,-4.4558247,15.2878946,84.0,GUIDED
1776066979,14.99,4.75,0.0,0.0,0.0,0.25,-14.17,-44.97,-4.4558103,15.2878804,84.0,GUIDED
1776066980,14.99,4.46,0.0,0.0,0.0,0.23,-12.3,-44.84,-4.4557967,15.2878669,84.0,GUIDED
1776066980,14.99,4.21,0.0,0.0,0.0,0.12,-9.91,-44.57,-4.455784,15.2878544,84.0,GUIDED
1776066981,14.99,3.71,0.0,0.0,0.0,0.16,-7.95,-44.69,-4.4557726,15.2878431,83.0,GUIDED
1776066981,14.99,3.35,0.0,0.0,0.0,0.31,-6.01,-44.83,-4.4557625,15.2878332,83.0,GUIDED
1776066982,14.99,2.97,0.0,0.0,0.0,0.34,-3.24,-44.97,-4.4557538,15.2878246,83.0,GUIDED
1776066982,15.0,2.05,0.0,0.0,0.0,0.16,3.47,-44.71,-4.455744,15.2878151,83.0,GUIDED
1776066983,14.99,1.42,0.0,0.0,0.0,-0.03,14.33,-44.48,-4.4557406,15.2878118,83.0,RTL
1776066983,14.99,0.08,0.0,0.0,0.0,2.55,11.52,-44.69,-4.4557407,15.2878122,83.0,RTL
1776066984,14.99,0.8,0.0,0.0,0.0,6.79,6.02,-45.0,-4.4557426,15.2878155,83.0,RTL
1776066985,15.0,1.26,0.0,0.0,0.0,8.64,5.33,-44.71,-4.4557439,15.2878209,83.0,RTL
1776066985,15.0,1.54,0.0,0.0,0.0,8.01,7.14,-44.78,-4.4557442,15.2878278,82.0,RTL
1776066986,15.0,1.82,0.0,0.0,0.0,8.1,8.85,-44.82,-4.4557441,15.2878362,82.0,RTL
1776066986,15.0,2.37,0.0,0.0,0.0,9.15,9.35,-44.56,-4.4557441,15.2878515,82.0,RTL
1776066987,15.0,2.62,0.0,0.0,0.0,9.47,9.2,-44.63,-4.4557441,15.2878632,82.0,RTL
1776066987,15.0,2.89,0.0,0.0,0.0,9.87,9.67,-44.78,-4.455744,15.2878759,82.0,RTL
1776066988,15.0,3.06,0.0,0.0,0.0,10.22,10.31,-44.81,-4.4557437,15.2878894,82.0,RTL
1776066988,15.0,3.31,0.0,0.0,0.0,10.65,10.85,-44.7,-4.4557435,15.2879037,82.0,RTL
1776066989,15.01,3.55,0.0,0.0,0.0,11.26,11.56,-45.14,-4.4557432,15.2879268,82.0,RTL
1776066989,15.01,3.79,0.0,0.0,0.0,11.54,11.99,-45.01,-4.4557429,15.2879431,82.0,RTL
1776066990,15.0,3.93,0.0,0.0,0.0,11.96,12.26,-44.69,-4.4557428,15.2879602,81.0,RTL
1776066990,15.0,4.07,0.0,0.0,0.0,12.18,12.41,-44.64,-4.4557426,15.287978,81.0,RTL
1776066991,15.01,4.25,0.0,0.0,0.0,12.33,12.42,-44.59,-4.4557425,15.2879965,81.0,RTL
1776066991,15.01,4.35,0.0,0.0,0.0,12.43,12.56,-44.76,-4.4557423,15.2880154,81.0,RTL
1776066992,15.01,4.46,0.0,0.0,0.0,11.83,12.36,-44.91,-4.4557421,15.2880347,81.0,RTL
1776066992,15.01,4.46,0.0,0.0,0.0,10.43,10.84,-44.74,-4.4557421,15.2880636,81.0,RTL
1776066993,15.01,4.3,0.0,0.0,0.0,9.41,9.74,-44.75,-4.455742,15.2880823,81.0,RTL
1776066993,15.01,4.13,0.0,0.0,0.0,7.97,8.37,-44.86,-4.4557419,15.2881,81.0,RTL
1776066994,15.01,3.9,0.0,0.0,0.0,6.38,6.75,-44.7,-4.4557419,15.2881165,81.0,RTL
1776066994,15.01,3.44,0.0,0.0,0.0,5.23,5.69,-44.55,-4.4557418,15.2881313,80.0,RTL
1776066995,15.01,3.11,0.0,0.0,0.0,4.02,4.52,-45.07,-4.4557419,15.2881444,80.0,RTL
1776066995,15.01,2.6,0.0,0.0,0.0,2.46,2.88,-44.87,-4.455742,15.2881557,80.0,RTL
1776066996,15.01,2.22,0.0,0.0,0.0,-0.42,-0.07,-44.63,-4.4557421,15.288165,80.0,RTL
1776066996,14.94,0.8,0.0,0.0,0.0,-7.65,-7.46,-44.7,-4.4557421,15.2881724,80.0,LAND
1776066997,14.7,0.06,0.0,0.0,0.0,-1.88,-1.83,-44.73,-4.4557422,15.2881723,80.0,LAND
1776066997,14.22,0.18,0.0,0.0,0.0,1.45,1.38,-44.5,-4.4557424,15.2881715,80.0,LAND
1776066998,13.54,0.03,0.0,0.0,0.0,1.56,1.49,-44.94,-4.4557425,15.2881713,80.0,LAND
1776066999,12.8,0.09,0.0,0.0,0.0,0.68,0.59,-44.85,-4.4557425,15.2881717,80.0,LAND
1776066999,12.06,0.12,0.0,0.0,0.0,0.18,-0.0,-44.59,-4.4557426,15.2881722,80.0,LAND
1776067000,10.97,0.08,0.0,0.0,0.0,0.2,-0.06,-44.91,-4.4557426,15.2881728,79.0,LAND
1776067000,10.24,0.06,0.0,0.0,0.0,0.27,0.05,-44.69,-4.4557427,15.288173,79.0,LAND
1776067001,9.53,0.06,0.0,0.0,0.0,0.33,-0.17,-44.49,-4.4557426,15.2881732,79.0,LAND
1776067001,8.86,0.06,0.0,0.0,0.0,0.27,-0.2,-45.06,-4.4557425,15.2881734,79.0,LAND
1776067002,8.35,0.07,0.0,0.0,0.0,0.18,0.06,-45.15,-4.4557424,15.2881735,79.0,LAND
1776067002,8.05,0.07,0.0,0.0,0.0,0.07,0.25,-45.03,-4.4557422,15.2881735,79.0,LAND
1776067003,7.85,0.05,0.0,0.0,0.0,-0.04,0.15,-45.07,-4.4557421,15.2881736,79.0,LAND
1776067003,7.63,0.03,0.0,0.0,0.0,-0.01,-0.07,-44.84,-4.4557421,15.2881737,79.0,LAND
1776067004,7.39,0.03,0.0,0.0,0.0,0.02,0.06,-44.53,-4.455742,15.2881737,79.0,LAND
1776067004,7.02,0.03,0.0,0.0,0.0,0.25,-0.04,-44.77,-4.4557419,15.2881736,78.0,LAND
1776067005,6.78,0.04,0.0,0.0,0.0,0.06,0.12,-45.11,-4.4557418,15.2881736,78.0,LAND
1776067005,6.55,0.03,0.0,0.0,0.0,-0.09,0.32,-44.71,-4.4557417,15.2881736,78.0,LAND
1776067006,6.31,0.02,0.0,0.0,0.0,-0.02,0.19,-44.82,-4.4557416,15.2881736,78.0,LAND
1776067006,6.07,0.01,0.0,0.0,0.0,-0.06,0.05,-44.65,-4.4557416,15.2881737,78.0,LAND
1776067007,5.83,0.0,0.0,0.0,0.0,-0.1,-0.02,-44.81,-4.4557416,15.2881737,78.0,LAND
1776067007,5.59,0.01,0.0,0.0,0.0,-0.11,0.02,-44.81,-4.4557416,15.2881736,78.0,LAND
1776067008,5.23,0.01,0.0,0.0,0.0,0.14,0.26,-44.94,-4.4557416,15.2881735,78.0,LAND
1776067008,4.99,0.0,0.0,0.0,0.0,0.02,0.16,-44.76,-4.4557415,15.2881735,78.0,LAND
1776067009,4.76,0.0,0.0,0.0,0.0,-0.17,0.3,-44.64,-4.4557415,15.2881735,77.0,LAND
1776067009,4.4,0.02,0.0,0.0,0.0,-0.1,0.21,-44.86,-4.4557416,15.2881735,77.0,LAND
1776067010,4.16,0.02,0.0,0.0,0.0,0.13,0.14,-44.78,-4.4557417,15.2881734,77.0,LAND
1776067010,3.92,0.01,0.0,0.0,0.0,0.04,0.12,-44.61,-4.4557417,15.2881734,77.0,LAND
1776067011,3.68,0.0,0.0,0.0,0.0,0.01,0.03,-44.76,-4.4557417,15.2881734,77.0,LAND
1776067012,3.44,0.0,0.0,0.0,0.0,0.16,0.13,-44.83,-4.4557418,15.2881734,77.0,LAND
1776067012,3.2,0.0,0.0,0.0,0.0,0.13,0.16,-44.55,-4.4557418,15.2881734,77.0,LAND
1776067013,2.84,0.01,0.0,0.0,0.0,-0.03,0.05,-44.74,-4.4557418,15.2881735,77.0,LAND
1776067013,2.6,0.0,0.0,0.0,0.0,-0.15,0.09,-44.51,-4.4557417,15.2881735,77.0,LAND
1776067014,2.36,0.01,0.0,0.0,0.0,-0.27,0.21,-44.91,-4.4557417,15.2881735,76.0,LAND
1776067014,2.13,0.02,0.0,0.0,0.0,-0.01,0.38,-44.92,-4.4557416,15.2881733,76.0,LAND
1776067015,1.89,0.02,0.0,0.0,0.0,0.14,0.39,-45.04,-4.4557417,15.2881733,76.0,LAND
1776067015,1.65,0.02,0.0,0.0,0.0,0.17,0.21,-44.96,-4.4557418,15.2881733,76.0,LAND
1776067016,1.41,0.02,0.0,0.0,0.0,0.21,0.01,-44.83,-4.4557418,15.2881734,76.0,LAND
1776067016,1.17,0.02,0.0,0.0,0.0,-0.01,0.02,-44.72,-4.4557418,15.2881735,76.0,LAND
1776067017,0.93,0.01,0.0,0.0,0.0,-0.1,0.04,-44.86,-4.4557419,15.2881736,76.0,LAND
1776067017,0.69,0.0,0.0,0.0,0.0,-0.09,-0.12,-44.92,-4.4557419,15.2881736,76.0,LAND
1776067018,0.45,0.01,0.0,0.0,0.0,0.04,-0.0,-44.85,-4.4557419,15.2881735,76.0,LAND
1776067018,0.21,0.02,0.0,0.0,0.0,0.17,0.22,-44.9,-4.4557419,15.2881735,76.0,LAND
1776067019,-0.14,0.0,0.0,0.0,0.0,0.05,0.14,-44.8,-4.4557418,15.2881735,75.0,LAND
1776067019,-0.37,0.0,0.0,0.0,0.0,0.1,0.0,-44.66,-4.4557419,15.2881735,75.0,LAND
1776067020,-0.58,0.01,0.0,0.0,0.0,0.06,-0.1,-44.65,-4.4557418,15.2881735,75.0,LAND
1776067020,-0.79,0.03,0.0,0.0,0.0,0.03,-0.01,-44.94,-4.4557418,15.2881735,75.0,LAND
1776067021,-0.98,0.03,0.0,0.0,0.0,-0.1,0.18,-44.8,-4.4557417,15.2881734,75.0,LAND
1776067021,-1.16,0.03,0.0,0.0,0.0,-0.21,0.19,-44.84,-4.4557416,15.2881734,75.0,LAND
1776067022,-1.33,0.02,0.0,0.0,0.0,-0.23,-0.17,-44.85,-4.4557416,15.2881734,75.0,LAND
1776067022,0.1,0.02,0.0,0.0,0.0,-0.18,-0.49,-44.85,-4.4557406,15.2881721,75.0,LAND
1776067318,0.55,2.47,-0.06,-0.252,9.859,0.0,3.0,0.0,48.8584,2.2945,100.0,DECOLLAGE
1776067318,1.13,2.4,-0.428,0.252,9.795,0.55,2.98,0.44,48.8584,2.2945,99.9,DECOLLAGE
1776067318,1.65,2.38,0.21,-0.026,9.821,1.09,2.93,0.88,48.8584,2.2945,99.9,DECOLLAGE
1776067318,2.22,2.15,-0.481,0.484,9.829,1.61,2.84,1.31,48.8584,2.2945,99.8,DECOLLAGE
1776067319,2.67,2.4,0.21,0.175,9.728,2.11,2.72,1.74,48.8584,2.2945,99.8,DECOLLAGE
1776067319,3.13,2.24,-0.311,0.021,9.786,2.59,2.57,2.18,48.8584,2.2945,99.7,DECOLLAGE
1776067319,3.58,2.47,-0.424,0.104,9.829,3.04,2.38,2.61,48.8584,2.2945,99.7,DECOLLAGE
1776067319,4.06,2.35,0.463,-0.266,9.897,3.45,2.17,3.05,48.8584,2.2945,99.6,DECOLLAGE
1776067320,4.58,2.47,0.385,-0.226,9.878,3.82,1.93,3.48,48.8584,2.2945,99.6,DECOLLAGE
1776067320,5.1,2.47,0.173,0.427,9.801,4.15,1.67,3.92,48.8584,2.2945,99.5,DECOLLAGE
1776067320,5.58,2.3,0.164,-0.294,9.722,4.43,1.39,4.35,48.8584,2.2945,99.5,DECOLLAGE
1776067320,5.99,2.46,0.249,0.086,9.88,4.65,1.1,4.78,48.8584,2.2945,99.4,DECOLLAGE
1776067320,6.47,2.28,0.186,-0.369,9.784,4.82,0.79,5.22,48.8584,2.2945,99.4,DECOLLAGE
1776067321,6.88,2.0,-0.092,0.345,9.787,4.94,0.47,5.65,48.8584,2.2945,99.3,DECOLLAGE
1776067321,7.44,2.28,-0.038,-0.131,9.819,4.99,0.15,6.08,48.8584,2.2945,99.3,DECOLLAGE
1776067321,7.96,2.48,-0.494,-0.044,9.891,4.99,-0.18,6.52,48.8584,2.2945,99.2,DECOLLAGE
1776067321,8.36,2.45,0.263,-0.268,9.872,4.93,-0.5,6.95,48.8584,2.2945,99.2,DECOLLAGE
1776067322,8.89,2.47,-0.359,-0.473,9.881,4.81,-0.82,7.39,48.8584,2.2945,99.1,DECOLLAGE
1776067322,9.35,2.2,-0.165,0.03,9.712,4.63,-1.13,7.82,48.8584,2.2945,99.1,DECOLLAGE
1776067322,9.76,2.18,0.034,0.496,9.87,4.41,-1.42,8.25,48.8584,2.2945,99.0,DECOLLAGE
1776067322,10.26,2.45,0.475,-0.453,9.733,4.12,-1.7,8.69,48.8584,2.2945,99.0,DECOLLAGE
1776067322,10.83,2.42,0.336,-0.091,9.761,3.8,-1.95,9.12,48.8584,2.2945,98.9,DECOLLAGE
1776067323,11.25,2.1,0.087,0.085,9.822,3.43,-2.19,9.55,48.8584,2.2945,98.9,DECOLLAGE
1776067323,11.83,2.03,-0.462,-0.237,9.793,3.02,-2.39,9.98,48.8584,2.2945,98.8,DECOLLAGE
1776067323,12.4,2.42,-0.469,0.356,9.777,2.57,-2.57,10.41,48.8584,2.2945,98.8,DECOLLAGE
1776067323,12.97,2.49,0.21,0.04,9.747,2.09,-2.73,10.84,48.8584,2.2945,98.7,DECOLLAGE
1776067323,13.55,2.38,-0.067,-0.123,9.782,1.59,-2.84,11.27,48.8584,2.2945,98.7,DECOLLAGE
1776067324,13.98,2.49,0.039,-0.019,9.871,1.06,-2.93,11.71,48.8584,2.2945,98.6,DECOLLAGE
1776067324,14.46,2.08,-0.228,0.497,9.832,0.52,-2.98,12.15,48.8584,2.2945,98.6,DECOLLAGE
1776067324,14.98,2.44,0.273,0.091,9.787,-0.02,-3.0,12.58,48.8584,2.2945,98.5,DECOLLAGE
1776067324,15.49,2.36,-0.314,0.279,9.87,-0.56,-2.98,13.01,48.8584,2.2945,98.5,DECOLLAGE
1776067325,15.98,2.39,0.487,-0.231,9.753,-1.09,-2.93,13.44,48.8584,2.2945,98.4,DECOLLAGE
1776067325,16.45,2.5,0.07,-0.409,9.904,-1.6,-2.84,13.87,48.8584,2.2945,98.4,DECOLLAGE
1776067325,16.9,2.29,0.022,-0.158,9.82,-2.11,-2.72,14.31,48.8584,2.2945,98.3,DECOLLAGE
1776067325,17.46,2.34,0.301,0.326,9.812,-2.59,-2.57,14.74,48.8584,2.2945,98.3,DECOLLAGE
1776067325,18.01,2.09,0.413,0.046,9.883,-3.03,-2.39,15.17,48.8584,2.2945,98.2,DECOLLAGE
1776067326,18.42,2.4,0.04,0.2,9.765,-3.44,-2.18,15.6,48.8584,2.2945,98.2,DECOLLAGE
1776067326,18.95,2.13,-0.167,0.155,9.9,-3.81,-1.94,16.03,48.8584,2.2945,98.1,DECOLLAGE
1776067326,19.54,2.17,0.046,-0.226,9.877,-4.14,-1.68,16.47,48.8584,2.2945,98.1,DECOLLAGE
1776067326,20.05,2.06,0.351,0.122,9.749,-4.42,-1.4,16.9,48.8584,2.2945,98.0,DECOLLAGE
1776067327,20.48,2.44,0.11,0.476,9.807,-4.65,-1.11,17.33,48.8584,2.2945,98.0,DECOLLAGE
1776067327,20.92,2.04,-0.074,0.196,9.897,-4.82,-0.8,17.77,48.8584,2.2945,97.9,DECOLLAGE
1776067327,21.46,2.12,-0.327,-0.367,9.856,-4.93,-0.48,18.2,48.8584,2.2945,97.9,DECOLLAGE
1776067327,21.99,2.42,-0.301,-0.356,9.882,-4.99,-0.18,18.61,48.8584,2.2945,97.8,DECOLLAGE
1776067327,22.57,2.09,-0.127,-0.165,9.789,-4.99,0.14,19.04,48.8584,2.2945,97.8,DECOLLAGE
1776067328,22.99,2.1,-0.165,0.227,9.86,-4.94,0.47,19.48,48.8584,2.2945,97.7,DECOLLAGE
1776067328,23.56,2.02,0.159,-0.464,9.761,-4.83,0.78,19.91,48.8584,2.2945,97.7,DECOLLAGE
1776067328,14.66,5.0,0.322,0.345,9.737,-4.66,1.09,20.34,48.8584,2.2946,97.6,VOL_STABILISE
1776067328,14.59,5.12,-0.091,0.02,9.841,-4.43,1.39,20.77,48.8584,2.2947,97.6,VOL_STABILISE
1776067328,14.54,4.94,0.439,-0.18,9.848,-4.16,1.67,21.2,48.8584,2.2948,97.5,VOL_STABILISE
1776067329,14.51,5.0,0.22,-0.285,9.836,-3.83,1.93,21.64,48.8584,2.2949,97.5,VOL_STABILISE
1776067329,14.5,5.17,0.095,0.393,9.795,-3.46,2.16,22.07,48.8584,2.295,97.4,VOL_STABILISE
1776067329,14.52,4.89,0.272,0.024,9.898,-3.06,2.37,22.5,48.8584,2.2951,97.4,VOL_STABILISE
1776067329,14.55,4.87,-0.355,-0.437,9.718,-2.62,2.56,22.93,48.8584,2.2952,97.3,VOL_STABILISE
1776067330,14.61,5.0,-0.482,0.095,9.784,-2.15,2.71,23.36,48.8584,2.2953,97.3,VOL_STABILISE
1776067330,14.69,5.0,0.43,-0.189,9.8,-1.64,2.83,23.79,48.8584,2.2954,97.2,VOL_STABILISE
1776067330,14.78,4.93,0.055,-0.032,9.91,-1.12,2.92,24.23,48.8584,2.2955,97.2,VOL_STABILISE
1776067330,14.88,5.04,0.271,0.44,9.715,-0.59,2.98,24.66,48.8584,2.2956,97.1,VOL_STABILISE
1776067330,14.99,5.04,0.161,0.131,9.905,-0.06,3.0,25.09,48.8584,2.2957,97.1,VOL_STABILISE
1776067331,15.1,4.83,0.076,0.011,9.894,0.48,2.99,25.52,48.8584,2.2958,97.0,VOL_STABILISE
1776067331,15.2,4.99,-0.321,-0.023,9.885,1.02,2.94,25.95,48.8584,2.2959,97.0,VOL_STABILISE
1776067331,15.29,5.13,-0.401,0.261,9.743,1.54,2.85,26.38,48.8584,2.296,96.9,VOL_STABILISE
1776067331,15.37,5.19,-0.258,-0.389,9.829,2.05,2.74,26.82,48.8584,2.2961,96.9,VOL_STABILISE
1776067331,15.44,5.1,0.226,-0.115,9.735,2.52,2.59,27.25,48.8584,2.2962,96.8,VOL_STABILISE
1776067332,15.48,5.09,-0.177,0.35,9.724,2.98,2.41,27.69,48.8584,2.2963,96.8,VOL_STABILISE
1776067332,15.5,4.96,-0.423,0.004,9.863,3.4,2.2,28.12,48.8584,2.2964,96.7,VOL_STABILISE
1776067332,15.5,5.14,-0.064,0.48,9.879,3.77,1.97,28.55,48.8584,2.2965,96.7,VOL_STABILISE
1776067332,15.47,4.94,-0.296,0.355,9.716,4.11,1.71,28.99,48.8584,2.2966,96.6,VOL_STABILISE
1776067333,15.42,5.14,-0.207,0.45,9.79,4.39,1.43,29.42,48.8584,2.2967,96.6,VOL_STABILISE
1776067333,15.35,5.09,-0.472,0.286,9.843,4.62,1.14,29.86,48.8584,2.2968,96.5,VOL_STABILISE
1776067333,15.27,5.03,-0.483,-0.323,9.731,4.8,0.83,30.29,48.8584,2.2969,96.5,VOL_STABILISE
1776067333,15.18,5.09,0.288,-0.023,9.839,4.92,0.53,30.7,48.8584,2.297,96.4,VOL_STABILISE
1776067333,15.07,5.14,0.268,-0.445,9.776,4.99,0.21,31.13,48.8584,2.2971,96.4,VOL_STABILISE
1776067334,14.96,5.02,-0.208,-0.27,9.841,5.0,-0.11,31.57,48.8584,2.2972,96.3,VOL_STABILISE
1776067334,14.86,5.18,0.111,-0.007,9.796,4.95,-0.44,32.0,48.8584,2.2973,96.3,VOL_STABILISE
1776067334,14.76,5.07,-0.319,0.103,9.86,4.84,-0.76,32.44,48.8584,2.2974,96.2,VOL_STABILISE
1776067334,14.67,4.98,-0.458,-0.405,9.778,4.67,-1.07,32.87,48.8584,2.2975,96.2,VOL_STABILISE
1776067334,14.6,5.04,0.323,0.087,9.863,4.46,-1.36,33.3,48.8584,2.2976,96.1,VOL_STABILISE
1776067335,14.54,4.83,0.049,-0.22,9.885,4.18,-1.64,33.74,48.8584,2.2977,96.1,VOL_STABILISE
1776067335,14.51,4.91,0.136,0.148,9.729,3.86,-1.91,34.17,48.8584,2.2978,96.0,VOL_STABILISE
1776067335,14.5,5.11,-0.364,0.27,9.752,3.5,-2.14,34.6,48.8584,2.2979,96.0,VOL_STABILISE
1776067335,14.51,4.99,-0.272,-0.206,9.844,3.09,-2.36,35.04,48.8584,2.298,95.9,VOL_STABILISE
1776067336,14.55,4.85,-0.336,0.087,9.866,2.64,-2.55,35.47,48.8584,2.2981,95.9,VOL_STABILISE
1776067336,14.61,4.81,-0.008,0.5,9.772,2.17,-2.7,35.9,48.8584,2.2982,95.8,VOL_STABILISE
1776067336,14.68,4.97,-0.461,-0.251,9.851,1.67,-2.83,36.33,48.8584,2.2983,95.8,VOL_STABILISE
1776067336,14.77,5.11,0.196,-0.096,9.799,1.16,-2.92,36.76,48.8584,2.2984,95.7,VOL_STABILISE
1776067336,14.88,4.9,-0.096,-0.438,9.831,0.63,-2.98,37.19,48.8584,2.2985,95.7,VOL_STABILISE
1776067337,14.98,4.93,0.495,0.306,9.898,0.09,-3.0,37.63,48.8584,2.2986,95.6,VOL_STABILISE
1776067337,15.09,5.04,-0.075,0.133,9.809,-0.45,-2.99,38.06,48.8584,2.2987,95.6,VOL_STABILISE
1776067337,15.19,4.92,-0.208,-0.288,9.715,-0.99,-2.94,38.5,48.8584,2.2988,95.5,VOL_STABILISE
1776067337,15.29,5.12,-0.453,0.421,9.828,-1.51,-2.86,38.93,48.8584,2.2989,95.5,VOL_STABILISE
1776067338,15.37,5.12,-0.442,0.272,9.804,-2.02,-2.74,39.36,48.8584,2.299,95.4,VOL_STABILISE
1776067338,15.43,5.09,-0.024,-0.476,9.733,-2.5,-2.6,39.79,48.8584,2.2991,95.4,VOL_STABILISE
1776067338,15.48,5.13,-0.454,-0.496,9.905,-2.96,-2.42,40.23,48.8584,2.2992,95.3,VOL_STABILISE
1776067338,15.5,5.19,0.184,-0.425,9.801,-3.38,-2.21,40.66,48.8584,2.2993,95.3,VOL_STABILISE
1776067338,15.5,5.05,0.394,-0.495,9.74,-3.76,-1.98,41.1,48.8584,2.2994,95.2,VOL_STABILISE
1776067339,15.47,4.95,-0.047,0.225,9.855,-4.09,-1.72,41.53,48.8584,2.2995,95.2,VOL_STABILISE
1776067339,15.42,5.13,-0.131,-0.447,9.719,-4.38,-1.45,41.97,48.8584,2.2996,95.1,VOL_STABILISE
1776067339,15.36,5.19,0.38,0.011,9.795,-4.62,-1.15,42.4,48.8584,2.2997,95.1,VOL_STABILISE
1776067339,15.27,4.83,-0.209,0.081,9.871,-4.8,-0.85,42.84,48.8584,2.2998,95.0,VOL_STABILISE
1776067339,15.18,4.86,0.212,-0.229,9.876,-4.92,-0.53,43.27,48.8584,2.2999,95.0,VOL_STABILISE
1776067340,15.07,5.19,0.471,0.373,9.878,-4.99,-0.21,43.7,48.8584,2.3,94.9,VOL_STABILISE
1776067340,14.96,5.15,0.274,-0.076,9.742,-5.0,0.11,44.13,48.8584,2.3001,94.9,VOL_STABILISE
1776067340,14.86,4.87,-0.37,-0.403,9.721,-4.95,0.43,44.56,48.8584,2.3002,94.8,VOL_STABILISE
1776067340,14.76,4.81,0.247,-0.335,9.8,-4.84,0.75,45.0,48.8584,2.3003,94.8,VOL_STABILISE
1776067341,14.67,5.1,0.277,-0.023,9.812,-4.68,1.06,45.43,48.8584,2.3004,94.7,VOL_STABILISE
1776067341,14.6,4.86,0.329,0.295,9.786,-4.46,1.36,45.86,48.8584,2.3005,94.7,VOL_STABILISE
1776067341,14.54,4.87,0.37,-0.463,9.816,-4.18,1.64,46.3,48.8584,2.3006,94.6,VOL_STABILISE
1776067341,14.51,5.02,0.268,-0.217,9.815,-3.86,1.9,46.73,48.8584,2.3007,94.6,VOL_STABILISE
1776067341,14.5,5.16,-0.228,0.186,9.775,-3.5,2.14,47.16,48.8584,2.3008,94.5,VOL_STABILISE
1776067342,14.51,5.03,-0.296,0.085,9.729,-3.09,2.36,47.6,48.8584,2.3009,94.5,VOL_STABILISE
1776067342,14.55,5.11,0.363,0.462,9.895,-2.65,2.54,48.03,48.8584,2.301,94.4,VOL_STABILISE
1776067342,14.61,4.9,0.396,0.279,9.812,-2.18,2.7,48.46,48.8584,2.3011,94.4,VOL_STABILISE
1776067342,14.69,4.81,-0.202,0.41,9.817,-1.67,2.83,48.9,48.8584,2.3012,94.3,VOL_STABILISE
1776067343,14.78,4.97,0.25,-0.417,9.859,-1.15,2.92,49.33,48.8584,2.3013,94.3,VOL_STABILISE
1776067343,14.88,5.02,0.032,-0.462,9.856,-0.63,2.98,49.76,48.8584,2.3014,94.2,VOL_STABILISE
1776067343,14.98,4.92,0.498,0.239,9.819,-0.09,3.0,50.2,48.8584,2.3015,94.2,VOL_STABILISE
1776067343,15.09,4.8,-0.398,0.177,9.786,0.46,2.99,50.63,48.8584,2.3016,94.1,VOL_STABILISE
1776067343,15.2,4.95,-0.137,-0.212,9.849,1.0,2.94,51.07,48.8584,2.3017,94.1,VOL_STABILISE
1776067344,15.29,4.99,0.465,-0.099,9.842,1.52,2.86,51.5,48.8584,2.3018,94.0,VOL_STABILISE
1776067344,15.37,5.01,0.334,-0.192,9.786,2.02,2.74,51.93,48.8584,2.3019,94.0,VOL_STABILISE
1776067344,15.43,4.92,0.309,0.296,9.825,2.51,2.6,52.37,48.8584,2.302,93.9,VOL_STABILISE
1776067344,15.48,4.81,-0.305,0.27,9.899,2.96,2.42,52.8,48.8584,2.3021,93.9,VOL_STABILISE
1776067344,15.5,4.98,-0.338,0.214,9.802,3.38,2.21,53.24,48.8584,2.3022,93.8,VOL_STABILISE
1776067345,15.5,4.93,-0.445,-0.42,9.793,3.76,1.98,53.67,48.8584,2.3023,93.8,VOL_STABILISE
1776067345,15.47,5.07,0.304,-0.31,9.883,4.09,1.72,54.1,48.8584,2.3024,93.7,VOL_STABILISE
1776067345,15.42,4.92,-0.344,-0.344,9.803,4.38,1.45,54.53,48.8584,2.3025,93.7,VOL_STABILISE
1776067345,15.36,5.06,0.002,-0.093,9.81,4.61,1.16,54.96,48.8584,2.3026,93.6,VOL_STABILISE
1776067346,15.27,4.9,0.231,-0.43,9.871,4.79,0.85,55.4,48.8584,2.3027,93.6,VOL_STABILISE
1776067346,15.18,5.17,0.163,-0.214,9.853,4.92,0.54,55.83,48.8584,2.3028,93.5,VOL_STABILISE
1776067346,15.07,5.06,0.29,0.436,9.741,4.99,0.22,56.25,48.8584,2.3029,93.5,VOL_STABILISE
1776067346,14.97,5.09,0.126,0.411,9.792,5.0,-0.1,56.69,48.8584,2.303,93.4,VOL_STABILISE
1776067346,14.86,5.08,0.397,-0.306,9.827,4.95,-0.43,57.13,48.8584,2.3031,93.4,VOL_STABILISE
1776067347,14.76,5.18,0.318,0.32,9.728,4.84,-0.75,57.56,48.8584,2.3032,93.3,VOL_STABILISE
1776067347,14.67,5.12,-0.274,0.446,9.886,4.68,-1.06,57.99,48.8584,2.3033,93.3,VOL_STABILISE
1776067347,14.6,4.83,0.301,0.062,9.789,4.46,-1.36,58.43,48.8584,2.3034,93.2,VOL_STABILISE
1776067347,14.54,4.88,0.208,-0.071,9.83,4.18,-1.64,58.87,48.8584,2.3035,93.2,VOL_STABILISE
1776067347,14.51,5.09,-0.055,0.124,9.886,3.86,-1.91,59.3,48.8584,2.3036,93.1,VOL_STABILISE
1776067348,14.5,4.81,0.429,0.419,9.762,3.49,-2.15,59.74,48.8584,2.3037,93.1,VOL_STABILISE
1776067348,14.51,4.87,-0.24,-0.187,9.755,3.11,-2.35,60.15,48.8584,2.3038,93.0,VOL_STABILISE
1776067348,14.55,4.92,0.025,-0.198,9.881,2.68,-2.53,60.57,48.8584,2.3039,93.0,VOL_STABILISE
1776067348,14.6,4.95,-0.144,0.296,9.86,2.2,-2.69,61.01,48.8584,2.304,92.9,VOL_STABILISE
1776067349,14.68,5.06,0.441,-0.125,9.837,1.7,-2.82,61.44,48.8584,2.3041,92.9,VOL_STABILISE
1776067349,14.77,5.02,0.019,-0.392,9.722,1.19,-2.91,61.87,48.8584,2.3042,92.8,VOL_STABILISE
1776067349,14.87,4.87,0.16,-0.422,9.825,0.66,-2.97,62.31,48.8584,2.3043,92.8,VOL_STABILISE
1776067349,14.98,4.91,-0.417,0.012,9.73,0.12,-3.0,62.74,48.8584,2.3044,92.7,VOL_STABILISE
1776067349,15.08,4.87,-0.257,0.47,9.817,-0.42,-2.99,63.17,48.8584,2.3045,92.7,VOL_STABILISE
1776067350,15.19,4.83,-0.139,0.046,9.874,-0.96,-2.94,63.6,48.8584,2.3046,92.6,VOL_STABILISE
1776067350,15.28,5.17,0.117,-0.128,9.791,-1.49,-2.86,64.04,48.8584,2.3047,92.6,VOL_STABILISE
1776067350,15.37,5.11,-0.141,-0.496,9.784,-1.99,-2.75,64.47,48.8584,2.3048,92.5,VOL_STABILISE
1776067350,15.43,4.88,0.334,-0.117,9.85,-2.48,-2.61,64.9,48.8584,2.3049,92.5,VOL_STABILISE
1776067351,15.47,4.81,-0.497,0.097,9.791,-2.93,-2.43,65.34,48.8584,2.305,92.4,VOL_STABILISE
1776067351,15.5,4.89,-0.255,-0.218,9.833,-3.35,-2.23,65.77,48.8584,2.3051,92.4,VOL_STABILISE
1776067351,15.5,4.89,0.154,-0.434,9.729,-3.74,-1.99,66.21,48.8584,2.3052,92.3,VOL_STABILISE
1776067351,15.47,4.97,0.218,0.396,9.787,-4.08,-1.74,66.64,48.8584,2.3053,92.3,VOL_STABILISE
1776067351,15.43,5.08,0.135,0.067,9.847,-4.36,-1.46,67.07,48.8584,2.3054,92.2,VOL_STABILISE
1776067352,15.36,5.04,-0.444,-0.149,9.902,-4.6,-1.17,67.51,48.8584,2.3055,92.2,VOL_STABILISE
1776067352,15.28,5.19,-0.053,0.255,9.729,-4.79,-0.87,67.94,48.8584,2.3056,92.1,VOL_STABILISE
1776067352,15.18,5.15,0.157,0.292,9.739,-4.91,-0.55,68.38,48.8584,2.3057,92.1,VOL_STABILISE
1776067352,15.08,5.1,0.095,0.014,9.733,-4.99,-0.23,68.81,48.8584,2.3058,92.0,VOL_STABILISE
1776067352,14.97,5.15,0.058,0.257,9.821,-5.0,0.09,69.24,48.8584,2.3059,92.0,VOL_STABILISE
1776067353,14.86,4.89,0.008,-0.393,9.734,-4.95,0.42,69.67,48.8584,2.306,91.9,VOL_STABILISE
1776067353,14.76,4.97,0.399,0.419,9.887,-4.85,0.74,70.11,48.8584,2.3061,91.9,VOL_STABILISE
1776067353,14.67,5.15,-0.462,-0.103,9.896,-4.69,1.05,70.54,48.8584,2.3062,91.8,VOL_STABILISE
1776067353,14.6,5.06,0.04,0.118,9.729,-4.47,1.34,70.97,48.8584,2.3063,91.8,VOL_STABILISE
1776067354,14.54,5.02,-0.401,0.046,9.831,-4.2,1.63,71.41,48.8584,2.3064,91.7,VOL_STABILISE
1776067354,14.51,4.84,0.168,-0.28,9.819,-3.88,1.89,71.84,48.8584,2.3065,91.7,VOL_STABILISE
1776067354,14.5,5.0,0.212,-0.009,9.825,-3.52,2.13,72.28,48.8584,2.3066,91.6,VOL_STABILISE
1776067354,14.51,5.02,0.49,-0.082,9.884,-3.11,2.35,72.71,48.8584,2.3067,91.6,VOL_STABILISE
1776067354,14.55,5.07,-0.06,-0.18,9.787,-2.67,2.54,73.15,48.8584,2.3068,91.5,VOL_STABILISE
1776067355,14.61,5.09,0.45,0.157,9.837,-2.2,2.7,73.58,48.8584,2.3069,91.5,VOL_STABILISE
1776067355,14.68,4.91,0.44,-0.036,9.728,-1.69,2.82,74.01,48.8584,2.307,91.4,VOL_STABILISE
1776067355,14.77,5.18,0.481,0.199,9.751,-1.18,2.91,74.44,48.8584,2.3071,91.4,VOL_STABILISE
1776067355,14.87,5.07,-0.098,-0.023,9.81,-0.65,2.97,74.87,48.8584,2.3072,91.3,VOL_STABILISE
1776067355,14.98,4.98,0.279,0.441,9.832,-0.12,3.0,75.3,48.8584,2.3073,91.3,VOL_STABILISE
1776067356,15.08,4.87,-0.058,-0.319,9.867,0.41,2.99,75.73,48.8584,2.3074,91.2,VOL_STABILISE
1776067356,15.19,4.93,-0.488,-0.094,9.783,0.95,2.95,76.16,48.8584,2.3075,91.2,VOL_STABILISE
1776067356,15.28,4.84,0.321,0.255,9.798,1.47,2.87,76.59,48.8584,2.3076,91.1,VOL_STABILISE
1776067356,15.36,4.98,0.016,-0.486,9.815,1.98,2.75,77.03,48.8584,2.3077,91.1,VOL_STABILISE
1776067357,15.43,5.15,0.198,0.325,9.867,2.47,2.61,77.46,48.8584,2.3078,91.0,VOL_STABILISE
1776067357,15.47,4.82,-0.039,0.193,9.877,2.92,2.44,77.89,48.8584,2.3079,91.0,VOL_STABILISE
1776067357,15.5,4.92,-0.337,0.277,9.751,3.34,2.23,78.32,48.8584,2.308,90.9,VOL_STABILISE
1776067357,15.5,4.87,-0.312,0.01,9.878,3.72,2.0,78.76,48.8584,2.3081,90.9,VOL_STABILISE
1776067357,15.47,4.81,0.179,0.411,9.89,4.06,1.75,79.19,48.8584,2.3082,90.8,VOL_STABILISE
1776067358,15.43,4.88,-0.495,0.251,9.784,4.35,1.48,79.62,48.8584,2.3083,90.8,VOL_STABILISE
1776067358,15.13,1.0,-0.027,-0.015,9.761,4.59,1.18,80.06,48.8584,2.3083,90.7,ATTERRISSAGE
1776067358,14.83,1.0,-0.009,-0.442,9.828,4.78,0.88,80.49,48.8584,2.3083,90.7,ATTERRISSAGE
1776067358,14.53,1.0,0.432,-0.357,9.771,4.91,0.57,80.92,48.8584,2.3083,90.6,ATTERRISSAGE
1776067359,14.23,1.0,-0.15,0.187,9.717,4.98,0.24,81.35,48.8584,2.3083,90.6,ATTERRISSAGE
1776067359,13.93,1.0,-0.395,-0.045,9.904,5.0,-0.08,81.79,48.8584,2.3083,90.5,ATTERRISSAGE
1776067359,13.63,1.0,0.047,-0.014,9.731,4.95,-0.4,82.22,48.8584,2.3083,90.5,ATTERRISSAGE
1776067359,13.33,1.0,0.079,-0.303,9.774,4.85,-0.72,82.66,48.8584,2.3083,90.4,ATTERRISSAGE
1776067359,13.03,1.0,0.433,-0.099,9.894,4.7,-1.03,83.09,48.8584,2.3083,90.4,ATTERRISSAGE
1776067360,12.73,1.0,0.18,0.49,9.89,4.48,-1.33,83.51,48.8584,2.3083,90.3,ATTERRISSAGE
1776067360,12.43,1.0,-0.224,-0.158,9.718,4.22,-1.61,83.95,48.8584,2.3083,90.3,ATTERRISSAGE
1776067360,12.13,1.0,0.121,-0.009,9.846,3.91,-1.87,84.38,48.8584,2.3083,90.2,ATTERRISSAGE
1776067360,11.83,1.0,-0.117,-0.046,9.781,3.55,-2.11,84.81,48.8584,2.3083,90.2,ATTERRISSAGE
1776067360,11.53,1.0,-0.104,-0.212,9.772,3.15,-2.33,85.24,48.8584,2.3083,90.1,ATTERRISSAGE
1776067361,11.23,1.0,-0.252,-0.492,9.759,2.71,-2.52,85.67,48.8584,2.3083,90.1,ATTERRISSAGE
1776067361,10.93,1.0,0.287,-0.421,9.891,2.24,-2.68,86.11,48.8584,2.3083,90.0,ATTERRISSAGE
1776067361,10.63,1.0,-0.192,0.011,9.855,1.74,-2.81,86.54,48.8584,2.3083,90.0,ATTERRISSAGE
1776067361,10.33,1.0,0.277,-0.448,9.872,1.23,-2.91,86.97,48.8584,2.3083,89.9,ATTERRISSAGE
1776067362,10.03,1.0,-0.495,0.005,9.792,0.7,-2.97,87.4,48.8584,2.3083,89.9,ATTERRISSAGE
1776067362,9.73,1.0,0.399,0.239,9.839,0.16,-3.0,87.84,48.8584,2.3083,89.8,ATTERRISSAGE
1776067362,9.43,1.0,-0.199,0.164,9.85,-0.38,-2.99,88.27,48.8584,2.3083,89.8,ATTERRISSAGE
1776067362,9.13,1.0,-0.325,0.107,9.818,-0.92,-2.95,88.7,48.8584,2.3083,89.7,ATTERRISSAGE
1776067362,8.83,1.0,0.281,0.121,9.866,-1.44,-2.87,89.14,48.8584,2.3083,89.7,ATTERRISSAGE
1776067363,8.53,1.0,0.093,-0.485,9.856,-1.95,-2.76,89.57,48.8584,2.3083,89.6,ATTERRISSAGE
1776067363,8.23,1.0,0.06,0.285,9.743,-2.44,-2.62,90.01,48.8584,2.3083,89.6,ATTERRISSAGE
1776067363,7.93,1.0,-0.136,0.323,9.8,-2.9,-2.44,90.44,48.8584,2.3083,89.5,ATTERRISSAGE
1776067363,7.63,1.0,0.116,-0.456,9.778,-3.32,-2.24,90.87,48.8584,2.3083,89.5,ATTERRISSAGE
1776067363,7.33,1.0,0.335,0.364,9.795,-3.71,-2.01,91.31,48.8584,2.3083,89.4,ATTERRISSAGE
1776067364,7.03,1.0,-0.038,-0.207,9.906,-4.04,-1.76,91.73,48.8584,2.3083,89.4,ATTERRISSAGE
1776067364,6.73,1.0,-0.122,-0.123,9.747,-4.34,-1.49,92.17,48.8584,2.3083,89.3,ATTERRISSAGE
1776067364,6.43,1.0,0.465,0.346,9.778,-4.58,-1.2,92.6,48.8584,2.3083,89.3,ATTERRISSAGE
1776067364,6.13,1.0,-0.004,-0.011,9.899,-4.77,-0.89,93.04,48.8584,2.3083,89.2,ATTERRISSAGE
1776067365,5.83,1.0,0.325,0.149,9.863,-4.91,-0.58,93.47,48.8584,2.3083,89.2,ATTERRISSAGE
1776067365,5.53,1.0,0.336,0.218,9.885,-4.98,-0.26,93.9,48.8584,2.3083,89.1,ATTERRISSAGE
1776067365,5.23,1.0,0.227,-0.325,9.852,-5.0,0.06,94.33,48.8584,2.3083,89.1,ATTERRISSAGE
1776067365,4.93,1.0,0.369,-0.452,9.744,-4.96,0.38,94.76,48.8584,2.3083,89.0,ATTERRISSAGE
1776067365,4.63,1.0,-0.269,0.038,9.718,-4.86,0.7,95.19,48.8584,2.3083,89.0,ATTERRISSAGE
1776067366,4.33,1.0,0.185,-0.14,9.79,-4.71,1.01,95.63,48.8584,2.3083,88.9,ATTERRISSAGE
1776067366,4.03,1.0,-0.043,-0.489,9.829,-4.5,1.31,96.06,48.8584,2.3083,88.9,ATTERRISSAGE
1776067366,3.73,1.0,-0.24,0.052,9.895,-4.23,1.6,96.5,48.8584,2.3083,88.8,ATTERRISSAGE
1776067366,3.43,1.0,0.351,0.387,9.742,-3.91,1.87,96.94,48.8584,2.3083,88.8,ATTERRISSAGE
1776067367,3.13,1.0,0.342,-0.307,9.781,-3.55,2.11,97.37,48.8584,2.3083,88.7,ATTERRISSAGE
1776067367,2.83,1.0,0.486,0.219,9.829,-3.15,2.33,97.81,48.8584,2.3083,88.7,ATTERRISSAGE
1776067367,2.53,1.0,-0.28,-0.231,9.85,-2.71,2.52,98.24,48.8584,2.3083,88.6,ATTERRISSAGE
1776067367,2.23,1.0,0.463,0.406,9.893,-2.23,2.68,98.68,48.8584,2.3083,88.6,ATTERRISSAGE
1776067367,1.93,1.0,-0.455,-0.256,9.784,-1.74,2.81,99.11,48.8584,2.3083,88.5,ATTERRISSAGE
1776067368,1.63,1.0,0.404,-0.425,9.741,-1.22,2.91,99.54,48.8584,2.3083,88.5,ATTERRISSAGE
1776067368,1.33,1.0,0.013,0.196,9.777,-0.69,2.97,99.98,48.8584,2.3083,88.4,ATTERRISSAGE
1776067368,1.03,1.0,0.047,0.167,9.711,-0.18,3.0,100.39,48.8584,2.3083,88.4,ATTERRISSAGE
1776067368,0.73,1.0,0.379,0.492,9.767,0.37,2.99,100.82,48.8584,2.3083,88.3,ATTERRISSAGE
1776067368,0.43,1.0,-0.309,-0.495,9.771,0.9,2.95,101.26,48.8584,2.3083,88.3,ATTERRISSAGE
1776067369,0.13,1.0,0.198,-0.05,9.892,1.43,2.87,101.69,48.8584,2.3083,88.2,ATTERRISSAGE
1776067369,0,1.0,0.497,0.013,9.748,1.94,2.76,102.13,48.8584,2.3083,88.2,TERMINE
1776068324,0.46,2.31,-0.169,0.303,9.809,0.0,3.0,0.0,48.8584,2.2945,100.0,DECOLLAGE
1776068324,0.97,2.06,0.161,0.226,9.812,0.54,2.98,0.43,48.8584,2.2945,99.9,DECOLLAGE
1776068325,1.54,2.05,0.207,0.498,9.763,1.08,2.93,0.87,48.8584,2.2945,99.9,DECOLLAGE
1776068325,1.99,2.17,0.238,-0.458,9.827,1.6,2.84,1.3,48.8584,2.2945,99.8,DECOLLAGE
1776068325,2.56,2.05,-0.008,0.16,9.895,2.1,2.72,1.73,48.8584,2.2945,99.8,DECOLLAGE
1776068325,2.98,2.43,-0.2,0.16,9.858,2.57,2.57,2.16,48.8584,2.2945,99.7,DECOLLAGE
1776068325,3.55,2.48,0.352,-0.473,9.797,3.02,2.39,2.6,48.8584,2.2945,99.7,DECOLLAGE
1776068326,4.0,2.48,-0.202,-0.285,9.788,3.44,2.18,3.03,48.8584,2.2945,99.6,DECOLLAGE
1776068326,4.49,2.39,0.078,-0.379,9.872,3.81,1.94,3.47,48.8584,2.2945,99.6,DECOLLAGE
1776068326,4.99,2.3,-0.116,-0.246,9.895,4.14,1.68,3.9,48.8584,2.2945,99.5,DECOLLAGE
1776068326,5.41,2.23,0.29,-0.332,9.818,4.42,1.4,4.34,48.8584,2.2945,99.5,DECOLLAGE
1776068326,5.96,2.06,-0.006,-0.26,9.718,4.65,1.11,4.77,48.8584,2.2945,99.4,DECOLLAGE
1776068327,6.36,2.22,0.014,-0.287,9.757,4.82,0.8,5.2,48.8584,2.2945,99.4,DECOLLAGE
1776068327,6.77,2.03,-0.158,-0.127,9.9,4.93,0.48,5.64,48.8584,2.2945,99.3,DECOLLAGE
1776068327,7.36,2.47,0.445,0.007,9.891,4.99,0.16,6.07,48.8584,2.2945,99.3,DECOLLAGE
1776068327,7.89,2.09,-0.109,-0.187,9.865,4.99,-0.17,6.51,48.8584,2.2945,99.2,DECOLLAGE
1776068328,8.4,2.33,-0.452,-0.411,9.761,4.93,-0.49,6.94,48.8584,2.2945,99.2,DECOLLAGE
1776068328,8.91,2.06,-0.259,-0.072,9.864,4.81,-0.81,7.38,48.8584,2.2945,99.1,DECOLLAGE
1776068328,9.38,2.02,-0.208,-0.118,9.859,4.64,-1.12,7.81,48.8584,2.2945,99.1,DECOLLAGE
1776068328,9.86,2.03,0.055,-0.099,9.851,4.41,-1.41,8.24,48.8584,2.2945,99.0,DECOLLAGE
1776068328,10.44,2.47,-0.368,-0.344,9.888,4.13,-1.69,8.68,48.8584,2.2945,99.0,DECOLLAGE
1776068329,11.01,2.41,0.146,0.052,9.757,3.8,-1.95,9.11,48.8584,2.2945,98.9,DECOLLAGE
1776068329,11.48,2.17,0.05,0.451,9.751,3.43,-2.18,9.54,48.8584,2.2945,98.9,DECOLLAGE
1776068329,11.89,2.3,-0.36,0.116,9.846,3.02,-2.39,9.98,48.8584,2.2945,98.8,DECOLLAGE
1776068329,12.39,2.48,-0.316,-0.291,9.729,2.57,-2.57,10.41,48.8584,2.2945,98.8,DECOLLAGE
1776068329,12.89,2.47,0.486,-0.034,9.793,2.09,-2.73,10.84,48.8584,2.2945,98.7,DECOLLAGE
1776068330,13.48,2.22,0.454,0.287,9.81,1.58,-2.85,11.28,48.8584,2.2945,98.7,DECOLLAGE
1776068330,13.89,2.11,0.361,-0.005,9.744,1.06,-2.93,11.71,48.8584,2.2945,98.6,DECOLLAGE
1776068330,14.45,2.48,-0.39,-0.201,9.858,0.52,-2.98,12.15,48.8584,2.2945,98.6,DECOLLAGE
1776068330,14.89,2.35,-0.183,0.121,9.754,-0.03,-3.0,12.59,48.8584,2.2945,98.5,DECOLLAGE
1776068331,15.43,2.13,-0.019,-0.172,9.779,-0.57,-2.98,13.02,48.8584,2.2945,98.5,DECOLLAGE
1776068331,15.22,5.12,-0.181,0.131,9.773,-1.1,-2.93,13.46,48.8584,2.2946,98.4,VOL_STABILISE
1776068331,15.31,4.89,0.088,0.295,9.906,-1.62,-2.84,13.89,48.8584,2.2947,98.4,VOL_STABILISE
1776068331,15.39,4.9,-0.052,-0.039,9.81,-2.13,-2.71,14.32,48.8584,2.2948,98.3,VOL_STABILISE
1776068331,15.44,4.85,-0.3,-0.469,9.904,-2.6,-2.56,14.76,48.8584,2.2949,98.3,VOL_STABILISE
1776068332,15.48,4.91,0.498,-0.033,9.874,-3.05,-2.38,15.19,48.8584,2.295,98.2,VOL_STABILISE
1776068332,15.5,5.05,-0.36,0.496,9.724,-3.46,-2.16,15.63,48.8584,2.2951,98.2,VOL_STABILISE
1776068332,15.49,5.12,-0.435,-0.268,9.715,-3.83,-1.93,16.05,48.8584,2.2952,98.1,VOL_STABILISE
1776068332,15.46,5.14,0.282,0.338,9.837,-4.15,-1.67,16.48,48.8584,2.2953,98.1,VOL_STABILISE
1776068333,15.41,4.92,0.017,0.173,9.727,-4.43,-1.39,16.92,48.8584,2.2954,98.0,VOL_STABILISE
1776068333,15.34,4.98,0.01,-0.15,9.839,-4.66,-1.09,17.36,48.8584,2.2955,98.0,VOL_STABILISE
1776068333,15.25,4.97,-0.367,-0.23,9.856,-4.83,-0.79,17.79,48.8584,2.2956,97.9,VOL_STABILISE
1776068333,15.15,4.93,-0.122,0.056,9.727,-4.94,-0.47,18.23,48.8584,2.2957,97.9,VOL_STABILISE
1776068333,15.05,5.06,0.008,-0.213,9.831,-4.99,-0.14,18.66,48.8584,2.2958,97.8,VOL_STABILISE
1776068334,14.94,5.06,-0.298,0.267,9.737,-4.99,0.18,19.1,48.8584,2.2959,97.8,VOL_STABILISE
1776068334,15.42,2.37,-0.489,-0.015,9.885,-4.93,0.51,19.53,48.8584,2.2959,97.7,DECOLLAGE
1776068334,14.74,5.02,-0.407,0.244,9.821,-4.81,0.82,19.96,48.8584,2.296,97.7,VOL_STABILISE
1776068334,14.65,4.84,-0.03,-0.118,9.877,-4.63,1.13,20.39,48.8584,2.2961,97.6,VOL_STABILISE
1776068334,14.58,4.85,0.46,-0.333,9.877,-4.4,1.42,20.82,48.8584,2.2962,97.6,VOL_STABILISE
1776068335,14.53,4.85,0.254,0.365,9.864,-4.12,1.7,21.25,48.8584,2.2963,97.5,VOL_STABILISE
1776068335,14.51,5.2,-0.231,0.065,9.75,-3.79,1.95,21.69,48.8584,2.2964,97.5,VOL_STABILISE
1776068335,14.5,4.85,-0.02,0.159,9.89,-3.42,2.19,22.12,48.8584,2.2965,97.4,VOL_STABILISE
1776068335,14.52,4.98,-0.107,0.087,9.885,-3.0,2.4,22.56,48.8584,2.2966,97.4,VOL_STABILISE
1776068336,14.56,5.07,-0.145,-0.306,9.781,-2.55,2.58,22.99,48.8584,2.2967,97.3,VOL_STABILISE
1776068336,14.62,5.19,0.23,-0.168,9.763,-2.07,2.73,23.42,48.8584,2.2968,97.3,VOL_STABILISE
1776068336,14.7,4.88,-0.05,0.293,9.822,-1.56,2.85,23.86,48.8584,2.2969,97.2,VOL_STABILISE
1776068336,14.8,5.12,0.295,-0.142,9.785,-1.04,2.93,24.29,48.8584,2.297,97.2,VOL_STABILISE
1776068336,14.9,4.81,-0.064,-0.206,9.712,-0.51,2.98,24.72,48.8584,2.2971,97.1,VOL_STABILISE
1776068337,15.01,4.99,-0.373,0.039,9.738,0.03,3.0,25.16,48.8584,2.2972,97.1,VOL_STABILISE
1776068337,15.11,5.04,0.206,-0.263,9.734,0.57,2.98,25.59,48.8584,2.2973,97.0,VOL_STABILISE
1776068337,15.22,5.15,0.12,-0.233,9.739,1.11,2.93,26.02,48.8584,2.2974,97.0,VOL_STABILISE
1776068337,15.31,4.92,-0.232,-0.43,9.747,1.63,2.84,26.46,48.8584,2.2975,96.9,VOL_STABILISE
1776068338,15.39,4.91,0.227,0.233,9.772,2.13,2.71,26.89,48.8584,2.2976,96.9,VOL_STABILISE
1776068338,15.45,4.89,-0.175,0.465,9.743,2.61,2.56,27.33,48.8584,2.2977,96.8,VOL_STABILISE
1776068338,15.48,4.99,-0.408,-0.48,9.805,3.05,2.38,27.76,48.8584,2.2978,96.8,VOL_STABILISE
1776068338,15.5,4.81,0.186,0.402,9.836,3.46,2.17,28.19,48.8584,2.2979,96.7,VOL_STABILISE
1776068338,15.49,5.11,0.336,-0.359,9.874,3.81,1.94,28.6,48.8584,2.298,96.7,VOL_STABILISE
1776068339,15.46,4.93,0.153,-0.105,9.884,4.13,1.69,29.03,48.8584,2.2981,96.6,VOL_STABILISE
1776068339,15.41,5.17,-0.24,0.046,9.738,4.42,1.41,29.46,48.8584,2.2982,96.6,VOL_STABILISE
1776068339,15.34,4.83,-0.035,-0.425,9.863,4.64,1.11,29.9,48.8584,2.2983,96.5,VOL_STABILISE
1776068339,15.26,5.16,-0.136,0.222,9.842,4.82,0.81,30.33,48.8584,2.2984,96.5,VOL_STABILISE
1776068339,15.16,5.17,0.384,-0.004,9.751,4.93,0.49,30.76,48.8584,2.2985,96.4,VOL_STABILISE
1776068340,15.06,4.85,-0.283,-0.394,9.721,4.99,0.17,31.2,48.8584,2.2986,96.4,VOL_STABILISE
1776068340,14.95,4.9,-0.131,0.252,9.812,4.99,-0.16,31.63,48.8584,2.2987,96.3,VOL_STABILISE
1776068340,14.84,5.08,-0.144,-0.065,9.807,4.93,-0.49,32.07,48.8584,2.2988,96.3,VOL_STABILISE
1776068340,14.74,5.14,-0.266,0.304,9.742,4.82,-0.8,32.5,48.8584,2.2989,96.2,VOL_STABILISE
1776068341,14.66,4.86,-0.431,0.017,9.908,4.64,-1.11,32.93,48.8584,2.299,96.2,VOL_STABILISE
1776068341,14.59,5.01,0.297,-0.392,9.765,4.42,-1.41,33.37,48.8584,2.2991,96.1,VOL_STABILISE
1776068341,14.54,4.96,-0.189,0.031,9.757,4.14,-1.68,33.8,48.8584,2.2992,96.1,VOL_STABILISE
1776068341,14.51,5.12,-0.3,-0.051,9.825,3.81,-1.94,34.23,48.8584,2.2993,96.0,VOL_STABILISE
1776068341,14.5,5.14,0.5,0.309,9.858,3.44,-2.18,34.66,48.8584,2.2994,96.0,VOL_STABILISE
1776068342,14.52,4.94,0.464,0.109,9.843,3.03,-2.39,35.1,48.8584,2.2995,95.9,VOL_STABILISE
1776068342,14.56,4.91,0.029,-0.054,9.763,2.58,-2.57,35.53,48.8584,2.2996,95.9,VOL_STABILISE
1776068342,14.62,5.06,0.135,0.256,9.882,2.1,-2.72,35.97,48.8584,2.2997,95.8,VOL_STABILISE
1776068342,14.7,4.94,-0.202,-0.043,9.885,1.59,-2.84,36.4,48.8584,2.2998,95.8,VOL_STABILISE
1776068342,14.79,5.05,0.193,-0.008,9.772,1.07,-2.93,36.84,48.8584,2.2999,95.7,VOL_STABILISE
1776068343,14.89,4.86,0.346,0.016,9.882,0.53,-2.98,37.27,48.8584,2.3,95.7,VOL_STABILISE
1776068343,15.0,4.85,-0.247,-0.175,9.879,-0.01,-3.0,37.71,48.8584,2.3001,95.6,VOL_STABILISE
1776068343,15.11,4.99,0.193,0.029,9.815,-0.56,-2.98,38.15,48.8584,2.3002,95.6,VOL_STABILISE
1776068343,15.21,5.01,0.415,0.096,9.867,-1.09,-2.93,38.58,48.8584,2.3003,95.5,VOL_STABILISE
1776068344,15.31,4.81,0.376,-0.457,9.814,-1.61,-2.84,39.01,48.8584,2.3004,95.5,VOL_STABILISE
1776068344,15.38,4.95,0.103,-0.0,9.899,-2.12,-2.72,39.45,48.8584,2.3005,95.4,VOL_STABILISE
1776068344,15.44,5.09,0.1,0.308,9.744,-2.6,-2.56,39.88,48.8584,2.3006,95.4,VOL_STABILISE
1776068344,15.48,4.91,-0.342,-0.2,9.837,-3.04,-2.38,40.32,48.8584,2.3007,95.3,VOL_STABILISE
1776068344,15.5,5.06,0.256,-0.315,9.711,-3.46,-2.17,40.75,48.8584,2.3008,95.3,VOL_STABILISE
1776068345,15.49,4.97,0.16,-0.402,9.898,-3.82,-1.93,41.18,48.8584,2.3009,95.2,VOL_STABILISE
1776068345,15.46,5.06,-0.036,-0.149,9.887,-4.15,-1.67,41.62,48.8584,2.301,95.2,VOL_STABILISE
1776068345,15.41,5.12,-0.43,0.084,9.754,-4.43,-1.4,42.05,48.8584,2.3011,95.1,VOL_STABILISE
1776068345,15.34,5.16,-0.339,0.405,9.76,-4.65,-1.1,42.48,48.8584,2.3012,95.1,VOL_STABILISE
1776068346,15.26,5.15,0.225,0.393,9.865,-4.82,-0.8,42.91,48.8584,2.3013,95.0,VOL_STABILISE
1776068346,15.16,4.84,0.421,0.145,9.819,-4.93,-0.48,43.33,48.8584,2.3014,95.0,VOL_STABILISE
1776068346,15.05,5.06,0.19,-0.179,9.839,-4.99,-0.16,43.76,48.8584,2.3015,94.9,VOL_STABILISE
1776068346,14.95,5.01,0.222,-0.238,9.763,-4.99,0.16,44.2,48.8584,2.3016,94.9,VOL_STABILISE
1776068346,14.84,5.01,0.272,-0.435,9.782,-4.93,0.48,44.63,48.8584,2.3017,94.8,VOL_STABILISE
1776068347,14.74,4.89,-0.133,0.156,9.829,-4.82,0.8,45.06,48.8584,2.3018,94.8,VOL_STABILISE
1776068347,14.66,5.18,-0.327,-0.087,9.861,-4.65,1.1,45.49,48.8584,2.3019,94.7,VOL_STABILISE
1776068347,14.59,4.95,-0.056,-0.427,9.849,-4.43,1.4,45.92,48.8584,2.302,94.7,VOL_STABILISE
1776068347,14.54,4.82,0.089,0.245,9.776,-4.15,1.67,46.35,48.8584,2.3021,94.6,VOL_STABILISE
1776068347,14.51,5.04,0.217,-0.209,9.849,-3.82,1.93,46.78,48.8584,2.3022,94.6,VOL_STABILISE
1776068348,14.5,5.15,-0.252,-0.419,9.744,-3.45,2.17,47.21,48.8584,2.3023,94.5,VOL_STABILISE
1776068348,14.52,4.86,-0.233,-0.237,9.842,-3.04,2.38,47.65,48.8584,2.3024,94.5,VOL_STABILISE
1776068348,14.56,5.09,0.481,-0.271,9.783,-2.6,2.56,48.08,48.8584,2.3025,94.4,VOL_STABILISE
1776068348,14.62,4.98,-0.247,-0.306,9.83,-2.12,2.72,48.52,48.8584,2.3026,94.4,VOL_STABILISE
1776068349,14.69,5.12,0.284,-0.33,9.895,-1.63,2.84,48.94,48.8584,2.3027,94.3,VOL_STABILISE
1776068349,14.78,5.18,0.391,0.224,9.84,-1.1,2.93,49.38,48.8584,2.3028,94.3,VOL_STABILISE
1776068349,14.89,5.01,0.25,0.18,9.764,-0.58,2.98,49.8,48.8584,2.3029,94.2,VOL_STABILISE
1776068349,14.99,4.91,0.11,0.112,9.805,-0.04,3.0,50.24,48.8584,2.303,94.2,VOL_STABILISE
1776068349,15.1,4.85,0.182,0.186,9.841,0.51,2.98,50.67,48.8584,2.3031,94.1,VOL_STABILISE
1776068350,15.2,5.04,0.282,-0.207,9.752,1.04,2.93,51.1,48.8584,2.3032,94.1,VOL_STABILISE
1776068350,15.3,4.96,-0.42,-0.361,9.888,1.57,2.85,51.54,48.8584,2.3033,94.0,VOL_STABILISE
1776068350,15.38,4.98,-0.269,-0.083,9.761,2.07,2.73,51.97,48.8584,2.3034,94.0,VOL_STABILISE
1776068350,15.44,4.88,0.487,-0.027,9.722,2.55,2.58,52.41,48.8584,2.3035,93.9,VOL_STABILISE
1776068350,15.48,4.96,-0.366,0.088,9.793,3.0,2.4,52.84,48.8584,2.3036,93.9,VOL_STABILISE
1776068351,15.5,5.06,-0.449,0.467,9.819,3.42,2.19,53.27,48.8584,2.3037,93.8,VOL_STABILISE
1776068351,15.49,5.12,0.258,0.121,9.766,3.79,1.96,53.71,48.8584,2.3038,93.8,VOL_STABILISE
1776068351,15.47,4.91,0.139,0.337,9.823,4.12,1.7,54.14,48.8584,2.3039,93.7,VOL_STABILISE
1776068351,15.42,4.83,0.103,0.019,9.776,4.4,1.42,54.57,48.8584,2.304,93.7,VOL_STABILISE
1776068352,15.35,4.81,-0.36,-0.444,9.833,4.63,1.13,55.01,48.8584,2.3041,93.6,VOL_STABILISE
1776068352,15.26,4.88,0.447,0.435,9.806,4.81,0.82,55.44,48.8584,2.3042,93.6,VOL_STABILISE
1776068352,15.16,4.87,-0.429,-0.014,9.77,4.93,0.5,55.88,48.8584,2.3043,93.5,VOL_STABILISE
1776068352,15.06,5.1,-0.079,0.494,9.814,4.99,0.17,56.32,48.8584,2.3044,93.5,VOL_STABILISE
1776068352,14.95,4.81,-0.092,0.143,9.881,4.99,-0.15,56.76,48.8584,2.3045,93.4,VOL_STABILISE
1776068353,14.84,4.85,0.386,0.487,9.712,4.94,-0.48,57.19,48.8584,2.3046,93.4,VOL_STABILISE
1776068353,14.74,4.94,0.411,0.127,9.851,4.82,-0.79,57.62,48.8584,2.3047,93.3,VOL_STABILISE
1776068353,14.66,4.98,-0.325,-0.129,9.852,4.65,-1.1,58.05,48.8584,2.3048,93.3,VOL_STABILISE
1776068353,14.59,5.01,-0.309,-0.18,9.763,4.43,-1.39,58.48,48.8584,2.3049,93.2,VOL_STABILISE
1776068354,14.54,5.13,-0.421,-0.115,9.788,4.15,-1.67,58.91,48.8584,2.305,93.2,VOL_STABILISE
1776068354,14.51,5.02,-0.409,-0.494,9.792,3.83,-1.93,59.34,48.8584,2.3051,93.1,VOL_STABILISE
1776068354,14.5,5.2,-0.311,0.007,9.757,3.46,-2.17,59.77,48.8584,2.3052,93.1,VOL_STABILISE
1776068354,14.52,4.94,-0.041,-0.123,9.898,3.05,-2.37,60.2,48.8584,2.3053,93.0,VOL_STABILISE
1776068354,14.55,4.89,-0.144,0.194,9.849,2.61,-2.56,60.64,48.8584,2.3054,93.0,VOL_STABILISE
1776068355,14.61,5.12,-0.124,0.347,9.86,2.13,-2.71,61.07,48.8584,2.3055,92.9,VOL_STABILISE
1776068355,14.69,5.02,-0.336,0.135,9.816,1.63,-2.84,61.5,48.8584,2.3056,92.9,VOL_STABILISE
1776068355,14.78,4.83,-0.379,0.393,9.765,1.12,-2.92,61.93,48.8584,2.3057,92.8,VOL_STABILISE
1776068355,14.88,5.13,-0.472,0.416,9.724,0.58,-2.98,62.37,48.8584,2.3058,92.8,VOL_STABILISE
1776068355,14.99,4.84,-0.304,0.481,9.822,0.04,-3.0,62.8,48.8584,2.3059,92.7,VOL_STABILISE
1776068356,15.1,5.12,0.439,-0.202,9.885,-0.5,-2.99,63.23,48.8584,2.306,92.7,VOL_STABILISE
1776068356,15.2,4.94,0.097,-0.313,9.769,-1.03,-2.94,63.66,48.8584,2.3061,92.6,VOL_STABILISE
1776068356,15.29,4.92,0.487,-0.011,9.74,-1.54,-2.85,64.09,48.8584,2.3062,92.6,VOL_STABILISE
1776068356,15.37,5.05,-0.111,-0.392,9.803,-2.05,-2.74,64.52,48.8584,2.3063,92.5,VOL_STABILISE
1776068357,15.44,5.02,0.381,0.022,9.892,-2.53,-2.59,64.95,48.8584,2.3064,92.5,VOL_STABILISE
1776068357,15.48,5.1,0.216,0.398,9.881,-2.97,-2.41,65.38,48.8584,2.3065,92.4,VOL_STABILISE
1776068357,15.5,5.19,-0.049,-0.253,9.877,-3.39,-2.21,65.81,48.8584,2.3066,92.4,VOL_STABILISE
1776068357,15.5,4.84,-0.193,-0.437,9.8,-3.76,-1.98,66.24,48.8584,2.3067,92.3,VOL_STABILISE
1776068357,15.47,5.15,0.275,0.108,9.884,-4.1,-1.72,66.67,48.8584,2.3068,92.3,VOL_STABILISE
1776068358,15.42,5.19,0.469,0.401,9.874,-4.38,-1.45,67.1,48.8584,2.3069,92.2,VOL_STABILISE
1776068358,15.35,5.15,-0.453,0.358,9.794,-4.62,-1.15,67.54,48.8584,2.307,92.2,VOL_STABILISE
1776068358,15.27,4.9,0.455,0.387,9.866,-4.79,-0.85,67.96,48.8584,2.3071,92.1,VOL_STABILISE
1776068358,15.18,4.82,-0.125,0.497,9.846,-4.92,-0.54,68.39,48.8584,2.3072,92.1,VOL_STABILISE
1776068358,15.07,4.89,0.092,-0.46,9.782,-4.99,-0.21,68.83,48.8584,2.3073,92.0,VOL_STABILISE
1776068359,14.96,4.82,-0.362,0.185,9.874,-5.0,0.11,69.26,48.8584,2.3074,92.0,VOL_STABILISE
1776068359,14.86,4.81,0.236,-0.259,9.787,-4.95,0.42,69.67,48.8584,2.3075,91.9,VOL_STABILISE
1776068359,14.77,5.08,0.309,0.258,9.895,-4.86,0.72,70.08,48.8584,2.3076,91.9,VOL_STABILISE
1776068359,14.68,4.98,0.054,0.289,9.836,-4.7,1.03,70.51,48.8584,2.3077,91.8,VOL_STABILISE
1776068360,14.61,5.1,0.18,0.401,9.814,-4.5,1.31,70.92,48.8584,2.3078,91.8,VOL_STABILISE
1776068360,14.55,5.12,-0.137,0.236,9.818,-4.24,1.59,71.35,48.8584,2.3079,91.7,VOL_STABILISE
1776068360,14.52,5.06,-0.163,-0.343,9.852,-3.95,1.84,71.75,48.8584,2.308,91.7,VOL_STABILISE
1776068360,14.5,4.95,-0.44,-0.318,9.734,-3.6,2.08,72.18,48.8584,2.3081,91.6,VOL_STABILISE
1776068360,14.51,5.15,0.382,-0.145,9.856,-3.2,2.3,72.62,48.8584,2.3082,91.6,VOL_STABILISE
1776068361,14.54,4.8,-0.304,-0.268,9.731,-2.8,2.49,73.02,48.8584,2.3083,91.5,VOL_STABILISE
1776068361,14.59,5.04,-0.381,-0.374,9.845,-2.34,2.65,73.45,48.8584,2.3084,91.5,VOL_STABILISE
1776068361,14.66,5.04,0.324,-0.014,9.724,-1.85,2.79,73.89,48.8584,2.3085,91.4,VOL_STABILISE
1776068361,14.74,5.01,-0.18,0.459,9.847,-1.34,2.89,74.32,48.8584,2.3086,91.4,VOL_STABILISE
1776068361,14.84,4.88,-0.325,0.27,9.776,-0.81,2.96,74.75,48.8584,2.3087,91.3,VOL_STABILISE
1776068362,14.95,4.85,0.455,-0.496,9.805,-0.27,3.0,75.18,48.8584,2.3088,91.3,VOL_STABILISE
1776068362,15.06,5.15,0.059,-0.058,9.782,0.28,3.0,75.62,48.8584,2.3089,91.2,VOL_STABILISE
1776068362,15.16,5.17,0.332,0.478,9.823,0.81,2.96,76.05,48.8584,2.309,91.2,VOL_STABILISE
1776068362,15.26,5.12,-0.014,0.482,9.83,1.34,2.89,76.48,48.8584,2.3091,91.1,VOL_STABILISE
1776068363,15.34,5.02,0.119,-0.317,9.835,1.85,2.79,76.92,48.8584,2.3092,91.1,VOL_STABILISE
1776068363,15.41,4.93,0.148,-0.487,9.725,2.34,2.65,77.35,48.8584,2.3093,91.0,VOL_STABILISE
1776068363,15.46,5.18,0.356,-0.476,9.751,2.8,2.49,77.78,48.8584,2.3094,91.0,VOL_STABILISE
1776068363,15.49,5.01,0.322,0.319,9.869,3.21,2.3,78.18,48.8584,2.3095,90.9,VOL_STABILISE
1776068363,15.5,5.07,0.422,-0.075,9.812,3.6,2.08,78.62,48.8584,2.3096,90.9,VOL_STABILISE
1776068364,15.48,4.97,-0.195,0.104,9.864,3.96,1.83,79.05,48.8584,2.3097,90.8,VOL_STABILISE
1776068364,15.45,4.86,0.272,0.471,9.899,4.26,1.57,79.48,48.8584,2.3098,90.8,VOL_STABILISE
1776068364,15.39,4.98,-0.327,-0.241,9.712,4.52,1.29,79.91,48.8584,2.3099,90.7,VOL_STABILISE
1776068364,15.09,1.0,0.181,-0.16,9.805,4.72,0.99,80.34,48.8584,2.3099,90.7,ATTERRISSAGE
1776068364,14.79,1.0,-0.332,0.087,9.889,4.87,0.68,80.77,48.8584,2.3099,90.6,ATTERRISSAGE
1776068365,14.49,1.0,0.426,0.121,9.758,4.96,0.36,81.2,48.8584,2.3099,90.6,ATTERRISSAGE
1776068365,14.19,1.0,-0.029,-0.27,9.827,5.0,0.04,81.63,48.8584,2.3099,90.5,ATTERRISSAGE
1776068365,13.89,1.0,0.025,0.173,9.82,4.98,-0.29,82.07,48.8584,2.3099,90.5,ATTERRISSAGE
1776068365,13.59,1.0,-0.457,0.377,9.86,4.9,-0.61,82.5,48.8584,2.3099,90.4,ATTERRISSAGE
1776068366,13.29,1.0,-0.477,-0.399,9.896,4.76,-0.92,82.93,48.8584,2.3099,90.4,ATTERRISSAGE
1776068366,12.99,1.0,-0.058,0.409,9.742,4.56,-1.23,83.37,48.8584,2.3099,90.3,ATTERRISSAGE
1776068366,12.69,1.0,-0.295,-0.304,9.832,4.31,-1.52,83.8,48.8584,2.3099,90.3,ATTERRISSAGE
1776068366,12.39,1.0,-0.057,0.227,9.797,4.01,-1.79,84.24,48.8584,2.3099,90.2,ATTERRISSAGE
1776068366,12.09,1.0,0.037,-0.114,9.899,3.67,-2.04,84.67,48.8584,2.3099,90.2,ATTERRISSAGE
1776068367,11.79,1.0,-0.118,-0.244,9.843,3.28,-2.26,85.1,48.8584,2.3099,90.1,ATTERRISSAGE
1776068367,11.49,1.0,0.323,-0.493,9.875,2.85,-2.46,85.54,48.8584,2.3099,90.1,ATTERRISSAGE
1776068367,11.19,1.0,-0.455,-0.465,9.739,2.4,-2.63,85.97,48.8584,2.3099,90.0,ATTERRISSAGE
1776068367,10.89,1.0,0.315,-0.005,9.898,1.91,-2.77,86.4,48.8584,2.3099,90.0,ATTERRISSAGE
1776068367,10.59,1.0,0.174,-0.197,9.822,1.39,-2.88,86.84,48.8584,2.3099,89.9,ATTERRISSAGE
1776068368,10.29,1.0,0.296,0.38,9.714,0.86,-2.96,87.27,48.8584,2.3099,89.9,ATTERRISSAGE
1776068368,9.99,1.0,-0.461,0.436,9.773,0.33,-2.99,87.7,48.8584,2.3099,89.8,ATTERRISSAGE
1776068368,9.69,1.0,-0.264,-0.152,9.798,-0.21,-3.0,88.13,48.8584,2.3099,89.8,ATTERRISSAGE
1776068368,9.39,1.0,-0.172,-0.066,9.901,-0.75,-2.97,88.56,48.8584,2.3099,89.7,ATTERRISSAGE
1776068369,9.09,1.0,0.324,0.435,9.809,-1.27,-2.9,88.99,48.8584,2.3099,89.7,ATTERRISSAGE
1776068369,8.79,1.0,0.498,0.236,9.753,-1.78,-2.8,89.42,48.8584,2.3099,89.6,ATTERRISSAGE
1776068369,8.49,1.0,0.408,-0.304,9.797,-2.28,-2.67,89.86,48.8584,2.3099,89.6,ATTERRISSAGE
1776068369,8.19,1.0,0.241,0.344,9.728,-2.75,-2.5,90.3,48.8584,2.3099,89.5,ATTERRISSAGE
1776068369,7.89,1.0,-0.08,-0.019,9.727,-3.19,-2.31,90.73,48.8584,2.3099,89.5,ATTERRISSAGE
1776068370,7.59,1.0,-0.321,-0.069,9.903,-3.59,-2.09,91.17,48.8584,2.3099,89.4,ATTERRISSAGE
1776068370,7.29,1.0,-0.077,-0.303,9.865,-3.94,-1.84,91.6,48.8584,2.3099,89.4,ATTERRISSAGE
1776068370,6.99,1.0,-0.307,0.219,9.854,-4.25,-1.58,92.04,48.8584,2.3099,89.3,ATTERRISSAGE
1776068370,6.69,1.0,-0.138,0.364,9.859,-4.51,-1.29,92.47,48.8584,2.3099,89.3,ATTERRISSAGE
1776068371,6.39,1.0,-0.271,0.495,9.76,-4.72,-0.99,92.9,48.8584,2.3099,89.2,ATTERRISSAGE
1776068371,6.09,1.0,0.121,0.044,9.862,-4.87,-0.68,93.33,48.8584,2.3099,89.2,ATTERRISSAGE
1776068371,5.79,1.0,-0.223,-0.171,9.736,-4.96,-0.36,93.77,48.8584,2.3099,89.1,ATTERRISSAGE
1776068371,5.49,1.0,-0.311,-0.459,9.908,-5.0,-0.04,94.19,48.8584,2.3099,89.1,ATTERRISSAGE
1776068371,5.19,1.0,0.467,0.473,9.809,-4.98,0.28,94.63,48.8584,2.3099,89.0,ATTERRISSAGE
1776068372,4.89,1.0,-0.413,-0.278,9.849,-4.9,0.6,95.06,48.8584,2.3099,89.0,ATTERRISSAGE
1776068372,4.59,1.0,-0.183,0.096,9.744,-4.76,0.91,95.48,48.8584,2.3099,88.9,ATTERRISSAGE
1776068372,4.29,1.0,0.479,0.434,9.781,-4.57,1.22,95.92,48.8584,2.3099,88.9,ATTERRISSAGE
1776068372,3.99,1.0,-0.03,0.023,9.796,-4.32,1.51,96.35,48.8584,2.3099,88.8,ATTERRISSAGE
1776068372,3.69,1.0,0.372,0.123,9.856,-4.03,1.78,96.79,48.8584,2.3099,88.8,ATTERRISSAGE
1776068373,3.39,1.0,-0.07,-0.401,9.853,-3.69,2.03,97.21,48.8584,2.3099,88.7,ATTERRISSAGE
1776068373,3.09,1.0,0.02,-0.356,9.804,-3.3,2.25,97.65,48.8584,2.3099,88.7,ATTERRISSAGE
1776068373,2.79,1.0,0.041,-0.111,9.76,-2.88,2.45,98.08,48.8584,2.3099,88.6,ATTERRISSAGE
1776068373,2.49,1.0,-0.002,-0.176,9.771,-2.42,2.63,98.51,48.8584,2.3099,88.6,ATTERRISSAGE
1776068374,2.19,1.0,-0.374,0.291,9.746,-1.93,2.77,98.95,48.8584,2.3099,88.5,ATTERRISSAGE
1776068374,1.89,1.0,0.148,-0.001,9.879,-1.41,2.88,99.38,48.8584,2.3099,88.5,ATTERRISSAGE
1776068374,1.59,1.0,-0.234,-0.256,9.84,-0.88,2.95,99.82,48.8584,2.3099,88.4,ATTERRISSAGE
1776068374,1.29,1.0,0.014,-0.369,9.877,-0.34,2.99,100.26,48.8584,2.3099,88.4,ATTERRISSAGE
1776068374,0.99,1.0,0.047,-0.299,9.782,0.19,3.0,100.68,48.8584,2.3099,88.3,ATTERRISSAGE
1776068375,0.69,1.0,-0.026,-0.021,9.815,0.73,2.97,101.12,48.8584,2.3099,88.3,ATTERRISSAGE
1776068375,0.39,1.0,-0.098,0.359,9.801,1.25,2.9,101.54,48.8584,2.3099,88.2,ATTERRISSAGE
1776068375,0.09,1.0,0.261,-0.12,9.739,1.77,2.81,101.98,48.8584,2.3099,88.2,ATTERRISSAGE
1776068375,0,1.0,0.295,-0.023,9.747,2.26,2.68,102.41,48.8584,2.3099,88.1,TERMINE
1776068445,0.51,2.48,-0.12,-0.303,9.757,0.0,3.0,0.0,48.8584,2.2945,100.0,DECOLLAGE
1776068445,1.04,2.16,-0.263,-0.169,9.809,0.55,2.98,0.44,48.8584,2.2945,99.9,DECOLLAGE
1776068445,1.51,2.15,-0.308,-0.338,9.8,1.08,2.93,0.87,48.8584,2.2945,99.9,DECOLLAGE
1776068445,2.06,2.39,-0.042,0.03,9.779,1.6,2.84,1.31,48.8584,2.2945,99.8,DECOLLAGE
1776068446,2.53,2.27,-0.256,0.183,9.792,2.1,2.72,1.73,48.8584,2.2945,99.8,DECOLLAGE
1776068446,2.97,2.48,-0.32,0.164,9.786,2.58,2.57,2.17,48.8584,2.2945,99.7,DECOLLAGE
1776068446,3.54,2.14,-0.317,0.405,9.863,3.03,2.39,2.6,48.8584,2.2945,99.7,DECOLLAGE
1776068446,4.04,2.4,-0.204,-0.036,9.793,3.44,2.18,3.04,48.8584,2.2945,99.6,DECOLLAGE
1776068447,4.5,2.05,0.076,-0.052,9.876,3.81,1.94,3.47,48.8584,2.2945,99.6,DECOLLAGE
1776068447,5.01,2.19,-0.196,-0.057,9.889,4.14,1.68,3.9,48.8584,2.2945,99.5,DECOLLAGE
1776068447,5.43,2.16,0.049,0.463,9.882,4.42,1.41,4.33,48.8584,2.2945,99.5,DECOLLAGE
1776068447,5.98,2.32,0.44,-0.422,9.843,4.64,1.11,4.77,48.8584,2.2945,99.4,DECOLLAGE
1776068447,6.47,2.29,-0.197,-0.412,9.757,4.82,0.8,5.2,48.8584,2.2945,99.4,DECOLLAGE
1776068448,6.92,2.2,-0.183,-0.151,9.904,4.93,0.48,5.63,48.8584,2.2945,99.3,DECOLLAGE
1776068448,7.34,2.23,-0.083,0.098,9.716,4.99,0.16,6.07,48.8584,2.2945,99.3,DECOLLAGE
1776068448,7.86,2.18,-0.235,-0.44,9.879,4.99,-0.16,6.49,48.8584,2.2945,99.2,DECOLLAGE
1776068448,8.41,2.11,-0.215,-0.331,9.738,4.94,-0.48,6.92,48.8584,2.2945,99.2,DECOLLAGE
1776068448,9.01,2.06,-0.03,-0.475,9.792,4.82,-0.8,7.36,48.8584,2.2945,99.1,DECOLLAGE
1776068449,9.42,2.11,-0.485,0.127,9.844,4.65,-1.11,7.79,48.8584,2.2945,99.1,DECOLLAGE
1776068449,9.96,2.4,-0.466,0.083,9.785,4.42,-1.4,8.22,48.8584,2.2945,99.0,DECOLLAGE
1776068449,10.39,2.34,0.323,-0.25,9.904,4.15,-1.68,8.65,48.8584,2.2945,99.0,DECOLLAGE
1776068449,10.97,2.33,-0.188,0.158,9.861,3.83,-1.93,9.08,48.8584,2.2945,98.9,DECOLLAGE
1776068450,11.55,2.17,0.464,0.066,9.757,3.46,-2.17,9.51,48.8584,2.2945,98.9,DECOLLAGE
1776068450,12.14,2.05,0.374,-0.023,9.843,3.05,-2.38,9.94,48.8584,2.2945,98.8,DECOLLAGE
1776068450,12.63,2.16,-0.404,-0.368,9.856,2.6,-2.56,10.37,48.8584,2.2945,98.8,DECOLLAGE
1776068450,13.11,2.09,-0.46,0.201,9.746,2.13,-2.72,10.81,48.8584,2.2945,98.7,DECOLLAGE
1776068450,13.53,2.48,-0.458,0.461,9.74,1.62,-2.84,11.24,48.8584,2.2945,98.7,DECOLLAGE
1776068451,14.1,2.49,-0.227,-0.042,9.9,1.11,-2.93,11.67,48.8584,2.2945,98.6,DECOLLAGE
1776068451,14.65,2.03,-0.332,0.165,9.793,0.57,-2.98,12.11,48.8584,2.2945,98.6,DECOLLAGE
1776068451,15.18,2.21,-0.03,-0.129,9.848,0.03,-3.0,12.54,48.8584,2.2945,98.5,DECOLLAGE
1776068451,15.1,4.82,-0.134,-0.255,9.883,-0.51,-2.98,12.98,48.8584,2.2946,98.5,VOL_STABILISE
1776068451,15.21,4.81,-0.203,-0.078,9.796,-1.05,-2.93,13.41,48.8584,2.2947,98.4,VOL_STABILISE
1776068452,15.3,5.07,0.235,0.177,9.787,-1.57,-2.85,13.85,48.8584,2.2948,98.4,VOL_STABILISE
1776068452,15.38,4.97,0.088,0.403,9.845,-2.07,-2.73,14.28,48.8584,2.2949,98.3,VOL_STABILISE
1776068452,15.44,4.88,-0.291,-0.411,9.816,-2.55,-2.58,14.71,48.8584,2.295,98.3,VOL_STABILISE
1776068452,15.48,5.1,0.4,-0.123,9.856,-3.0,-2.4,15.14,48.8584,2.2951,98.2,VOL_STABILISE
1776068453,15.5,5.16,0.441,0.002,9.817,-3.41,-2.19,15.57,48.8584,2.2952,98.2,VOL_STABILISE
1776068453,15.49,5.13,0.298,-0.402,9.75,-3.78,-1.96,15.99,48.8584,2.2953,98.1,VOL_STABILISE
1776068453,15.47,4.92,-0.006,0.37,9.81,-4.11,-1.71,16.42,48.8584,2.2954,98.1,VOL_STABILISE
1776068453,15.42,5.09,-0.246,0.342,9.795,-4.39,-1.43,16.86,48.8584,2.2955,98.0,VOL_STABILISE
1776068453,15.35,5.04,-0.247,-0.469,9.768,-4.62,-1.14,17.29,48.8584,2.2956,98.0,VOL_STABILISE
1776068454,15.27,5.05,-0.307,0.494,9.776,-4.8,-0.83,17.72,48.8584,2.2957,97.9,VOL_STABILISE
1776068454,15.17,5.03,-0.035,0.463,9.803,-4.93,-0.52,18.16,48.8584,2.2958,97.9,VOL_STABILISE
1776068454,15.07,5.08,0.452,-0.494,9.873,-4.99,-0.2,18.59,48.8584,2.2959,97.8,VOL_STABILISE
1776068454,14.96,4.95,0.427,-0.007,9.723,-5.0,0.13,19.02,48.8584,2.296,97.8,VOL_STABILISE
1776068455,15.36,2.33,0.097,-0.418,9.776,-4.94,0.45,19.46,48.8584,2.296,97.7,DECOLLAGE
1776068455,14.75,4.92,0.032,-0.328,9.869,-4.83,0.77,19.89,48.8584,2.2961,97.7,VOL_STABILISE
1776068455,14.66,4.82,0.406,0.032,9.843,-4.66,1.08,20.33,48.8584,2.2962,97.6,VOL_STABILISE
1776068455,14.59,5.15,0.344,-0.384,9.843,-4.45,1.36,20.74,48.8584,2.2963,97.6,VOL_STABILISE
1776068455,14.54,5.03,-0.216,-0.045,9.813,-4.18,1.64,21.17,48.8584,2.2964,97.5,VOL_STABILISE
1776068456,14.51,5.07,0.075,0.37,9.833,-3.86,1.91,21.61,48.8584,2.2965,97.5,VOL_STABILISE
1776068456,14.5,4.98,0.011,-0.401,9.826,-3.49,2.15,22.04,48.8584,2.2966,97.4,VOL_STABILISE
1776068456,14.51,4.96,-0.201,0.065,9.784,-3.09,2.36,22.47,48.8584,2.2967,97.4,VOL_STABILISE
1776068456,14.55,5.02,-0.202,0.316,9.732,-2.64,2.55,22.91,48.8584,2.2968,97.3,VOL_STABILISE
1776068456,14.61,5.05,0.481,0.111,9.883,-2.17,2.7,23.34,48.8584,2.2969,97.3,VOL_STABILISE
1776068457,14.69,4.92,-0.216,0.003,9.831,-1.67,2.83,23.77,48.8584,2.297,97.2,VOL_STABILISE
1776068457,14.78,5.18,-0.038,0.25,9.756,-1.15,2.92,24.21,48.8584,2.2971,97.2,VOL_STABILISE
1776068457,14.88,5.14,-0.301,0.129,9.824,-0.61,2.98,24.64,48.8584,2.2972,97.1,VOL_STABILISE
1776068457,14.99,4.85,0.032,-0.188,9.754,-0.07,3.0,25.07,48.8584,2.2973,97.1,VOL_STABILISE
1776068458,15.09,4.87,0.114,0.374,9.723,0.46,2.99,25.5,48.8584,2.2974,97.0,VOL_STABILISE
1776068458,15.2,4.98,-0.372,0.285,9.793,0.99,2.94,25.93,48.8584,2.2975,97.0,VOL_STABILISE
1776068458,15.29,5.14,0.109,0.054,9.878,1.51,2.86,26.36,48.8584,2.2976,96.9,VOL_STABILISE
1776068458,15.37,5.01,-0.401,-0.372,9.798,2.01,2.75,26.79,48.8584,2.2977,96.9,VOL_STABILISE
1776068458,15.43,4.8,-0.018,-0.458,9.881,2.5,2.6,27.22,48.8584,2.2978,96.8,VOL_STABILISE
1776068459,15.48,5.07,-0.272,-0.486,9.898,2.95,2.42,27.66,48.8584,2.2979,96.8,VOL_STABILISE
1776068459,15.5,4.99,-0.301,-0.176,9.783,3.37,2.22,28.09,48.8584,2.298,96.7,VOL_STABILISE
1776068459,15.5,5.2,-0.185,0.169,9.76,3.75,1.99,28.52,48.8584,2.2981,96.7,VOL_STABILISE
1776068459,15.47,4.9,0.12,-0.049,9.828,4.08,1.73,28.96,48.8584,2.2982,96.6,VOL_STABILISE
1776068459,15.42,5.08,0.059,0.255,9.807,4.37,1.46,29.39,48.8584,2.2983,96.6,VOL_STABILISE
1776068460,15.36,5.16,0.229,0.112,9.877,4.61,1.17,29.82,48.8584,2.2984,96.5,VOL_STABILISE
1776068460,15.27,4.94,0.176,0.036,9.739,4.79,0.86,30.25,48.8584,2.2985,96.5,VOL_STABILISE
1776068460,15.18,5.05,-0.341,-0.395,9.886,4.92,0.54,30.69,48.8584,2.2986,96.4,VOL_STABILISE
1776068460,15.07,5.04,0.339,0.36,9.848,4.99,0.22,31.12,48.8584,2.2987,96.4,VOL_STABILISE
1776068461,14.96,5.04,-0.476,-0.24,9.749,5.0,-0.11,31.56,48.8584,2.2988,96.3,VOL_STABILISE
1776068461,14.86,4.94,-0.176,-0.224,9.872,4.95,-0.43,31.99,48.8584,2.2989,96.3,VOL_STABILISE
1776068461,14.76,5.08,0.334,0.419,9.758,4.84,-0.75,32.43,48.8584,2.299,96.2,VOL_STABILISE
1776068461,14.67,4.83,-0.293,0.371,9.786,4.68,-1.06,32.86,48.8584,2.2991,96.2,VOL_STABILISE
1776068461,14.6,5.01,0.233,0.057,9.764,4.46,-1.35,33.29,48.8584,2.2992,96.1,VOL_STABILISE
1776068462,14.54,4.86,-0.18,0.189,9.845,4.19,-1.63,33.72,48.8584,2.2993,96.1,VOL_STABILISE
1776068462,14.51,4.9,-0.128,-0.475,9.903,3.88,-1.89,34.15,48.8584,2.2994,96.0,VOL_STABILISE
1776068462,14.5,4.83,0.089,-0.499,9.834,3.51,-2.13,34.58,48.8584,2.2995,96.0,VOL_STABILISE
1776068462,14.51,4.89,0.389,0.18,9.764,3.11,-2.35,35.02,48.8584,2.2996,95.9,VOL_STABILISE
1776068463,14.55,4.95,0.339,0.354,9.757,2.67,-2.54,35.44,48.8584,2.2997,95.9,VOL_STABILISE
1776068463,14.6,5.17,0.151,-0.15,9.787,2.2,-2.69,35.88,48.8584,2.2998,95.8,VOL_STABILISE
1776068463,14.68,5.11,0.305,-0.304,9.878,1.71,-2.82,36.31,48.8584,2.2999,95.8,VOL_STABILISE
1776068463,14.77,5.0,-0.219,-0.335,9.853,1.19,-2.91,36.74,48.8584,2.3,95.7,VOL_STABILISE
1776068463,14.87,5.14,-0.349,-0.132,9.902,0.66,-2.97,37.17,48.8584,2.3001,95.7,VOL_STABILISE
1776068464,14.98,4.83,0.272,0.283,9.829,0.12,-3.0,37.6,48.8584,2.3002,95.6,VOL_STABILISE
1776068464,15.08,4.98,-0.394,0.238,9.804,-0.41,-2.99,38.03,48.8584,2.3003,95.6,VOL_STABILISE
1776068464,15.19,5.11,-0.403,-0.118,9.837,-0.94,-2.95,38.46,48.8584,2.3004,95.5,VOL_STABILISE
1776068464,15.28,5.01,-0.14,-0.079,9.755,-1.47,-2.87,38.89,48.8584,2.3005,95.5,VOL_STABILISE
1776068464,15.36,4.85,-0.499,0.489,9.771,-1.98,-2.76,39.33,48.8584,2.3006,95.4,VOL_STABILISE
1776068465,15.43,4.94,-0.323,-0.295,9.899,-2.47,-2.61,39.76,48.8584,2.3007,95.4,VOL_STABILISE
1776068465,15.47,4.83,-0.124,0.064,9.729,-2.92,-2.43,40.2,48.8584,2.3008,95.3,VOL_STABILISE
1776068465,15.5,5.03,0.221,-0.03,9.854,-3.34,-2.23,40.63,48.8584,2.3009,95.3,VOL_STABILISE
1776068465,15.5,5.17,0.353,0.058,9.813,-3.73,-2.0,41.06,48.8584,2.301,95.2,VOL_STABILISE
1776068466,15.47,4.82,-0.076,0.052,9.771,-4.06,-1.75,41.5,48.8584,2.3011,95.2,VOL_STABILISE
1776068466,15.43,4.87,-0.132,0.364,9.89,-4.36,-1.47,41.93,48.8584,2.3012,95.1,VOL_STABILISE
1776068466,15.36,4.8,-0.305,0.311,9.902,-4.6,-1.18,42.36,48.8584,2.3013,95.1,VOL_STABILISE
1776068466,15.28,5.13,0.371,-0.051,9.806,-4.78,-0.88,42.79,48.8584,2.3014,95.0,VOL_STABILISE
1776068466,15.18,5.17,-0.063,-0.322,9.715,-4.91,-0.56,43.23,48.8584,2.3015,95.0,VOL_STABILISE
1776068467,15.08,4.87,-0.293,0.35,9.744,-4.98,-0.24,43.66,48.8584,2.3016,94.9,VOL_STABILISE
1776068467,14.97,4.95,-0.406,-0.106,9.904,-5.0,0.08,44.09,48.8584,2.3017,94.9,VOL_STABILISE
1776068467,14.87,5.03,-0.015,-0.41,9.782,-4.96,0.4,44.52,48.8584,2.3018,94.8,VOL_STABILISE
1776068467,14.77,5.08,-0.056,-0.148,9.777,-4.85,0.72,44.95,48.8584,2.3019,94.8,VOL_STABILISE
1776068467,14.68,4.95,-0.363,0.16,9.728,-4.7,1.03,45.38,48.8584,2.302,94.7,VOL_STABILISE
1776068468,14.6,5.0,-0.291,0.399,9.719,-4.49,1.33,45.81,48.8584,2.3021,94.7,VOL_STABILISE
1776068468,14.55,5.11,-0.344,-0.018,9.818,-4.22,1.61,46.25,48.8584,2.3022,94.6,VOL_STABILISE
1776068468,14.51,4.9,0.104,-0.268,9.817,-3.91,1.87,46.68,48.8584,2.3023,94.6,VOL_STABILISE
1776068468,14.5,5.0,-0.098,0.289,9.807,-3.54,2.12,47.12,48.8584,2.3024,94.5,VOL_STABILISE
1776068469,14.51,5.06,-0.411,-0.014,9.888,-3.14,2.33,47.55,48.8584,2.3025,94.5,VOL_STABILISE
1776068469,14.55,4.9,0.443,-0.474,9.817,-2.7,2.52,47.98,48.8584,2.3026,94.4,VOL_STABILISE
1776068469,14.6,5.08,0.173,-0.435,9.884,-2.23,2.69,48.42,48.8584,2.3027,94.4,VOL_STABILISE
1776068469,14.68,4.95,0.015,0.164,9.871,-1.73,2.82,48.86,48.8584,2.3028,94.3,VOL_STABILISE
1776068469,14.77,5.02,0.469,-0.45,9.741,-1.21,2.91,49.29,48.8584,2.3029,94.3,VOL_STABILISE
1776068470,14.87,4.94,-0.187,0.207,9.711,-0.68,2.97,49.72,48.8584,2.303,94.2,VOL_STABILISE
1776068470,14.97,4.93,-0.35,-0.11,9.838,-0.14,3.0,50.16,48.8584,2.3031,94.2,VOL_STABILISE
1776068470,15.08,4.84,0.427,0.028,9.904,0.41,2.99,50.59,48.8584,2.3032,94.1,VOL_STABILISE
1776068470,15.19,4.96,0.453,0.448,9.718,0.95,2.95,51.03,48.8584,2.3033,94.1,VOL_STABILISE
1776068471,15.28,4.86,0.084,0.476,9.739,1.47,2.87,51.46,48.8584,2.3034,94.0,VOL_STABILISE
1776068471,15.36,5.04,-0.118,0.157,9.773,1.98,2.75,51.89,48.8584,2.3035,94.0,VOL_STABILISE
1776068471,15.43,4.84,0.375,0.462,9.85,2.46,2.61,52.32,48.8584,2.3036,93.9,VOL_STABILISE
1776068471,15.47,5.02,0.035,0.213,9.805,2.91,2.44,52.75,48.8584,2.3037,93.9,VOL_STABILISE
1776068471,15.5,4.85,-0.211,0.381,9.895,3.34,2.23,53.19,48.8584,2.3038,93.8,VOL_STABILISE
1776068472,15.5,4.89,-0.28,-0.181,9.856,3.72,2.0,53.62,48.8584,2.3039,93.8,VOL_STABILISE
1776068472,15.47,4.9,-0.166,-0.37,9.768,4.05,1.76,54.05,48.8584,2.304,93.7,VOL_STABILISE
1776068472,15.43,4.9,-0.288,0.37,9.91,4.35,1.48,54.48,48.8584,2.3041,93.7,VOL_STABILISE
1776068472,15.36,4.85,-0.113,-0.108,9.905,4.59,1.19,54.92,48.8584,2.3042,93.6,VOL_STABILISE
1776068472,15.28,5.16,-0.27,0.282,9.811,4.78,0.89,55.35,48.8584,2.3043,93.6,VOL_STABILISE
1776068473,15.19,4.84,0.014,-0.125,9.767,4.91,0.57,55.78,48.8584,2.3044,93.5,VOL_STABILISE
1776068473,15.08,5.17,0.401,-0.24,9.883,4.98,0.25,56.21,48.8584,2.3045,93.5,VOL_STABILISE
1776068473,14.98,5.18,0.344,-0.333,9.788,5.0,-0.07,56.64,48.8584,2.3046,93.4,VOL_STABILISE
1776068473,14.87,5.01,0.458,-0.093,9.871,4.96,-0.39,57.08,48.8584,2.3047,93.4,VOL_STABILISE
1776068474,14.77,4.86,0.467,-0.077,9.761,4.86,-0.71,57.51,48.8584,2.3048,93.3,VOL_STABILISE
1776068474,14.68,5.0,0.385,-0.394,9.833,4.7,-1.02,57.94,48.8584,2.3049,93.3,VOL_STABILISE
1776068474,14.6,4.96,0.093,0.128,9.725,4.49,-1.32,58.37,48.8584,2.305,93.2,VOL_STABILISE
1776068474,14.55,5.18,0.118,-0.071,9.872,4.23,-1.6,58.8,48.8584,2.3051,93.2,VOL_STABILISE
1776068474,14.51,5.08,0.256,0.499,9.86,3.91,-1.87,59.24,48.8584,2.3052,93.1,VOL_STABILISE
1776068475,14.5,4.92,0.342,0.409,9.869,3.55,-2.11,59.67,48.8584,2.3053,93.1,VOL_STABILISE
1776068475,14.51,4.81,-0.44,-0.194,9.759,3.15,-2.33,60.1,48.8584,2.3054,93.0,VOL_STABILISE
1776068475,14.54,5.19,0.291,-0.398,9.855,2.72,-2.52,60.53,48.8584,2.3055,93.0,VOL_STABILISE
1776068475,14.6,5.0,-0.199,0.358,9.722,2.25,-2.68,60.97,48.8584,2.3056,92.9,VOL_STABILISE
1776068475,14.67,4.82,0.099,-0.193,9.827,1.75,-2.81,61.41,48.8584,2.3057,92.9,VOL_STABILISE
1776068476,14.76,5.16,-0.089,0.375,9.787,1.23,-2.91,61.83,48.8584,2.3058,92.8,VOL_STABILISE
1776068476,14.86,5.15,0.036,-0.272,9.872,0.7,-2.97,62.27,48.8584,2.3059,92.8,VOL_STABILISE
1776068476,14.97,4.97,0.121,0.056,9.789,0.16,-3.0,62.71,48.8584,2.306,92.7,VOL_STABILISE
1776068476,15.08,5.04,0.345,-0.407,9.883,-0.38,-2.99,63.14,48.8584,2.3061,92.7,VOL_STABILISE
1776068477,15.18,5.11,-0.035,-0.241,9.768,-0.92,-2.95,63.57,48.8584,2.3062,92.6,VOL_STABILISE
1776068477,15.28,4.82,-0.337,0.122,9.868,-1.45,-2.87,64.01,48.8584,2.3063,92.6,VOL_STABILISE
1776068477,15.36,4.87,0.304,0.396,9.855,-1.96,-2.76,64.44,48.8584,2.3064,92.5,VOL_STABILISE
1776068477,15.43,5.02,0.218,0.096,9.89,-2.44,-2.62,64.87,48.8584,2.3065,92.5,VOL_STABILISE
1776068477,15.47,5.0,0.287,0.17,9.894,-2.9,-2.45,65.3,48.8584,2.3066,92.4,VOL_STABILISE
1776068478,15.5,5.0,-0.486,-0.093,9.857,-3.31,-2.25,65.73,48.8584,2.3067,92.4,VOL_STABILISE
1776068478,15.5,5.02,-0.217,0.211,9.876,-3.7,-2.02,66.16,48.8584,2.3068,92.3,VOL_STABILISE
1776068478,15.48,5.18,0.473,-0.004,9.757,-4.04,-1.77,66.59,48.8584,2.3069,92.3,VOL_STABILISE
1776068478,15.43,5.12,0.194,0.429,9.711,-4.33,-1.5,67.02,48.8584,2.307,92.2,VOL_STABILISE
1776068479,15.37,5.04,-0.198,-0.338,9.729,-4.58,-1.21,67.46,48.8584,2.3071,92.2,VOL_STABILISE
1776068479,15.29,4.92,0.446,-0.285,9.752,-4.77,-0.91,67.89,48.8584,2.3072,92.1,VOL_STABILISE
1776068479,15.19,4.97,-0.357,-0.352,9.886,-4.9,-0.59,68.32,48.8584,2.3073,92.1,VOL_STABILISE
1776068479,15.09,4.95,0.268,0.255,9.771,-4.98,-0.26,68.76,48.8584,2.3074,92.0,VOL_STABILISE
1776068479,14.98,5.17,0.464,0.278,9.725,-5.0,0.06,69.2,48.8584,2.3075,92.0,VOL_STABILISE
1776068480,14.87,5.02,0.462,0.366,9.745,-4.96,0.38,69.63,48.8584,2.3076,91.9,VOL_STABILISE
1776068480,14.77,4.91,-0.433,-0.161,9.882,-4.86,0.7,70.06,48.8584,2.3077,91.9,VOL_STABILISE
1776068480,14.68,4.83,-0.422,-0.258,9.846,-4.71,1.01,70.49,48.8584,2.3078,91.8,VOL_STABILISE
1776068480,14.61,4.89,-0.123,0.346,9.88,-4.5,1.31,70.92,48.8584,2.3079,91.8,VOL_STABILISE
1776068480,14.55,5.09,-0.081,-0.196,9.903,-4.24,1.59,71.35,48.8584,2.308,91.7,VOL_STABILISE
1776068481,14.51,4.85,0.36,-0.105,9.791,-3.92,1.86,71.79,48.8584,2.3081,91.7,VOL_STABILISE
1776068481,14.5,5.13,0.059,-0.487,9.749,-3.56,2.1,72.22,48.8584,2.3082,91.6,VOL_STABILISE
1776068481,14.51,4.92,-0.226,-0.459,9.826,-3.16,2.32,72.66,48.8584,2.3083,91.6,VOL_STABILISE
1776068481,14.54,4.97,0.2,0.408,9.831,-2.73,2.51,73.09,48.8584,2.3084,91.5,VOL_STABILISE
1776068482,14.6,5.0,0.287,0.277,9.862,-2.26,2.68,73.52,48.8584,2.3085,91.5,VOL_STABILISE
1776068482,14.67,4.99,0.287,0.025,9.767,-1.76,2.81,73.96,48.8584,2.3086,91.4,VOL_STABILISE
1776068482,14.76,4.93,-0.46,-0.087,9.892,-1.25,2.91,74.39,48.8584,2.3087,91.4,VOL_STABILISE
1776068482,14.86,5.14,0.07,-0.221,9.74,-0.71,2.97,74.83,48.8584,2.3088,91.3,VOL_STABILISE
1776068482,14.97,4.95,0.201,-0.319,9.892,-0.17,3.0,75.26,48.8584,2.3089,91.3,VOL_STABILISE
1776068483,15.07,4.99,0.207,0.153,9.769,0.37,2.99,75.69,48.8584,2.309,91.2,VOL_STABILISE
1776068483,15.18,5.18,-0.092,0.332,9.832,0.91,2.95,76.13,48.8584,2.3091,91.2,VOL_STABILISE
1776068483,15.28,4.97,0.492,-0.463,9.885,1.44,2.87,76.57,48.8584,2.3092,91.1,VOL_STABILISE
1776068483,15.36,5.07,0.114,-0.273,9.861,1.94,2.76,76.99,48.8584,2.3093,91.1,VOL_STABILISE
1776068483,15.42,5.15,-0.08,-0.444,9.786,2.42,2.62,77.42,48.8584,2.3094,91.0,VOL_STABILISE
1776068484,15.47,4.86,0.166,0.352,9.86,2.88,2.45,77.85,48.8584,2.3095,91.0,VOL_STABILISE
1776068484,15.5,5.12,-0.176,0.115,9.731,3.31,2.25,78.29,48.8584,2.3096,90.9,VOL_STABILISE
1776068484,15.5,4.88,0.121,-0.059,9.803,3.7,2.02,78.73,48.8584,2.3097,90.9,VOL_STABILISE
1776068484,15.48,4.98,0.257,-0.095,9.847,4.04,1.77,79.16,48.8584,2.3098,90.8,VOL_STABILISE
1776068485,15.43,4.92,0.017,-0.026,9.878,4.33,1.5,79.59,48.8584,2.3099,90.8,VOL_STABILISE
1776068485,15.13,1.0,-0.118,0.39,9.824,4.57,1.21,80.02,48.8584,2.3099,90.7,ATTERRISSAGE
1776068485,14.83,1.0,-0.453,0.143,9.836,4.77,0.91,80.45,48.8584,2.3099,90.7,ATTERRISSAGE
1776068485,14.53,1.0,-0.068,0.199,9.823,4.9,0.59,80.88,48.8584,2.3099,90.6,ATTERRISSAGE
1776068485,14.23,1.0,0.039,-0.313,9.848,4.98,0.27,81.32,48.8584,2.3099,90.6,ATTERRISSAGE
1776068486,13.93,1.0,-0.161,-0.044,9.833,5.0,-0.05,81.75,48.8584,2.3099,90.5,ATTERRISSAGE
1776068486,13.63,1.0,0.27,-0.311,9.841,4.96,-0.37,82.18,48.8584,2.3099,90.5,ATTERRISSAGE
1776068486,13.33,1.0,-0.159,0.018,9.712,4.87,-0.69,82.61,48.8584,2.3099,90.4,ATTERRISSAGE
1776068486,13.03,1.0,-0.264,-0.146,9.811,4.71,-1.0,83.05,48.8584,2.3099,90.4,ATTERRISSAGE
1776068487,12.73,1.0,-0.063,-0.478,9.728,4.5,-1.3,83.48,48.8584,2.3099,90.3,ATTERRISSAGE
1776068487,12.43,1.0,0.276,-0.11,9.795,4.24,-1.59,83.91,48.8584,2.3099,90.3,ATTERRISSAGE
1776068487,12.13,1.0,-0.452,0.35,9.842,3.93,-1.85,84.35,48.8584,2.3099,90.2,ATTERRISSAGE
1776068487,11.83,1.0,0.062,-0.455,9.791,3.58,-2.1,84.78,48.8584,2.3099,90.2,ATTERRISSAGE
1776068487,11.53,1.0,-0.232,0.43,9.879,3.18,-2.32,85.21,48.8584,2.3099,90.1,ATTERRISSAGE
1776068488,11.23,1.0,0.282,-0.249,9.717,2.74,-2.51,85.65,48.8584,2.3099,90.1,ATTERRISSAGE
1776068488,10.93,1.0,0.203,0.13,9.784,2.27,-2.67,86.08,48.8584,2.3099,90.0,ATTERRISSAGE
1776068488,10.63,1.0,0.051,0.476,9.755,1.77,-2.8,86.51,48.8584,2.3099,90.0,ATTERRISSAGE
1776068488,10.33,1.0,-0.134,-0.366,9.831,1.26,-2.9,86.94,48.8584,2.3099,89.9,ATTERRISSAGE
1776068488,10.03,1.0,-0.291,0.445,9.866,0.73,-2.97,87.38,48.8584,2.3099,89.9,ATTERRISSAGE
1776068489,9.73,1.0,-0.367,0.175,9.741,0.19,-3.0,87.81,48.8584,2.3099,89.8,ATTERRISSAGE
1776068489,9.43,1.0,-0.357,-0.154,9.774,-0.35,-2.99,88.25,48.8584,2.3099,89.8,ATTERRISSAGE
1776068489,9.13,1.0,0.378,0.222,9.851,-0.89,-2.95,88.68,48.8584,2.3099,89.7,ATTERRISSAGE
1776068489,8.83,1.0,0.494,0.191,9.896,-1.42,-2.88,89.12,48.8584,2.3099,89.7,ATTERRISSAGE
1776068490,8.53,1.0,-0.266,-0.347,9.81,-1.94,-2.77,89.56,48.8584,2.3099,89.6,ATTERRISSAGE
1776068490,8.23,1.0,0.47,-0.19,9.734,-2.43,-2.62,89.99,48.8584,2.3099,89.6,ATTERRISSAGE
1776068490,7.93,1.0,-0.055,0.28,9.838,-2.88,-2.45,90.42,48.8584,2.3099,89.5,ATTERRISSAGE
1776068490,7.63,1.0,0.273,0.193,9.78,-3.31,-2.25,90.86,48.8584,2.3099,89.5,ATTERRISSAGE
1776068490,7.33,1.0,0.483,-0.269,9.802,-3.7,-2.02,91.3,48.8584,2.3099,89.4,ATTERRISSAGE
1776068491,7.03,1.0,0.027,-0.402,9.905,-4.04,-1.77,91.73,48.8584,2.3099,89.4,ATTERRISSAGE
1776068491,6.73,1.0,0.161,-0.291,9.899,-4.33,-1.5,92.16,48.8584,2.3099,89.3,ATTERRISSAGE
1776068491,6.43,1.0,0.188,0.172,9.789,-4.58,-1.2,92.6,48.8584,2.3099,89.3,ATTERRISSAGE
1776068491,6.13,1.0,0.237,-0.448,9.801,-4.77,-0.9,93.03,48.8584,2.3099,89.2,ATTERRISSAGE
1776068492,5.83,1.0,-0.097,0.225,9.904,-4.9,-0.59,93.46,48.8584,2.3099,89.2,ATTERRISSAGE
1776068492,5.53,1.0,0.388,0.259,9.838,-4.98,-0.26,93.9,48.8584,2.3099,89.1,ATTERRISSAGE
1776068492,5.23,1.0,0.49,-0.0,9.766,-5.0,0.06,94.33,48.8584,2.3099,89.1,ATTERRISSAGE
1776068492,4.93,1.0,-0.49,0.454,9.843,-4.96,0.39,94.77,48.8584,2.3099,89.0,ATTERRISSAGE
1776068492,4.63,1.0,0.264,0.052,9.763,-4.86,0.71,95.2,48.8584,2.3099,89.0,ATTERRISSAGE
1776068493,4.33,1.0,-0.115,0.015,9.803,-4.7,1.02,95.64,48.8584,2.3099,88.9,ATTERRISSAGE
1776068493,4.03,1.0,-0.031,0.128,9.821,-4.49,1.32,96.07,48.8584,2.3099,88.9,ATTERRISSAGE
1776068493,3.73,1.0,0.137,-0.072,9.886,-4.23,1.6,96.5,48.8584,2.3099,88.8,ATTERRISSAGE
1776068493,3.43,1.0,-0.356,-0.421,9.734,-3.91,1.87,96.94,48.8584,2.3099,88.8,ATTERRISSAGE
1776068493,3.13,1.0,0.492,-0.466,9.809,-3.55,2.11,97.38,48.8584,2.3099,88.7,ATTERRISSAGE
1776068494,2.83,1.0,-0.221,0.439,9.772,-3.14,2.33,97.81,48.8584,2.3099,88.7,ATTERRISSAGE
1776068494,2.53,1.0,0.015,0.051,9.885,-2.7,2.52,98.25,48.8584,2.3099,88.6,ATTERRISSAGE
1776068494,2.23,1.0,-0.067,0.003,9.806,-2.23,2.69,98.68,48.8584,2.3099,88.6,ATTERRISSAGE
1776068494,1.93,1.0,-0.378,0.479,9.827,-1.73,2.81,99.12,48.8584,2.3099,88.5,ATTERRISSAGE
1776068495,1.63,1.0,0.384,0.331,9.776,-1.21,2.91,99.55,48.8584,2.3099,88.5,ATTERRISSAGE
1776068495,1.33,1.0,-0.091,0.129,9.858,-0.68,2.97,99.98,48.8584,2.3099,88.4,ATTERRISSAGE
1776068495,1.03,1.0,0.37,-0.261,9.888,-0.15,3.0,100.41,48.8584,2.3099,88.4,ATTERRISSAGE
1776068495,0.73,1.0,0.05,0.417,9.73,0.39,2.99,100.85,48.8584,2.3099,88.3,ATTERRISSAGE
1776068495,0.43,1.0,-0.252,-0.245,9.766,0.93,2.95,101.28,48.8584,2.3099,88.3,ATTERRISSAGE
1776068496,0.13,1.0,0.288,0.135,9.871,1.46,2.87,101.72,48.8584,2.3099,88.2,ATTERRISSAGE
1776068496,0,1.0,0.015,-0.014,9.831,1.97,2.76,102.15,48.8584,2.3099,88.2,TERMINE
1776081647,0.0,0.0,0.0,0.0,0.0,0.01,0.04,0.07,-4.4557421,15.2881738,100.0,STABILIZE
1776081647,0.0,0.0,0.0,0.0,0.0,0.01,0.04,0.07,-4.4557421,15.2881738,100.0,STABILIZE
1776081648,0.0,0.0,0.0,0.0,0.0,0.01,0.04,0.07,-4.4557421,15.2881738,100.0,STABILIZE
1776081648,0.0,0.0,0.0,0.0,0.0,0.01,0.04,0.07,-4.4557421,15.2881738,100.0,STABILIZE
1776081649,0.0,0.0,0.0,0.0,0.0,0.01,0.04,0.07,-4.4557421,15.2881738,100.0,STABILIZE
1776081649,0.0,0.0,0.0,0.0,0.0,0.01,0.04,0.07,-4.4557421,15.2881738,100.0,STABILIZE
1776081650,0.0,0.0,0.0,0.0,0.0,0.01,0.04,0.07,-4.4557421,15.2881738,100.0,STABILIZE
1776081650,0.0,0.0,0.0,0.0,0.0,0.01,0.04,0.07,-4.4557421,15.2881738,100.0,GUIDED
1776081651,0.0,0.0,0.0,0.0,0.0,0.01,0.04,0.07,-4.4557421,15.2881738,100.0,GUIDED
1776081651,0.0,0.0,0.0,0.0,0.0,0.05,0.04,0.16,-4.4557421,15.2881738,100.0,GUIDED
1776081652,0.0,0.0,0.0,0.0,0.0,0.12,0.04,0.32,-4.4557421,15.2881738,100.0,GUIDED
1776081652,0.0,0.0,0.0,0.0,0.0,0.17,0.04,0.47,-4.4557421,15.2881738,100.0,GUIDED
1776081653,0.0,0.0,0.0,0.0,0.0,0.21,0.03,0.62,-4.4557421,15.2881738,100.0,GUIDED
1776081653,0.0,0.0,0.0,0.0,0.0,0.23,0.03,0.82,-4.4557421,15.2881738,100.0,GUIDED
1776081654,0.0,0.0,0.0,0.0,0.0,0.23,0.03,0.96,-4.4557421,15.2881738,100.0,GUIDED
1776081654,0.0,0.0,0.0,0.0,0.0,0.23,0.03,1.09,-4.4557421,15.2881738,100.0,GUIDED
1776081655,0.0,0.0,0.0,0.0,0.0,0.21,0.03,1.22,-4.4557421,15.2881738,100.0,GUIDED
1776081656,0.0,0.0,0.0,0.0,0.0,0.19,0.03,1.34,-4.4557421,15.2881738,100.0,GUIDED
1776081656,0.0,0.0,0.0,0.0,0.0,0.16,0.03,1.51,-4.4557421,15.2881738,100.0,GUIDED
1776081657,0.0,0.0,0.0,0.0,0.0,0.14,0.03,1.62,-4.4557421,15.2881738,100.0,GUIDED
1776081657,0.0,0.0,0.0,0.0,0.0,0.12,0.03,1.72,-4.4557421,15.2881738,100.0,GUIDED
1776081658,0.0,0.0,0.0,0.0,0.0,0.1,0.03,1.85,-4.4557421,15.2881738,100.0,GUIDED
1776081658,0.0,0.0,0.0,0.0,0.0,0.08,0.03,1.93,-4.4557421,15.2881738,100.0,GUIDED
1776081659,0.0,0.0,0.0,0.0,0.0,0.07,0.03,2.0,-4.4557421,15.2881738,100.0,GUIDED
1776081659,0.0,0.0,0.0,0.0,0.0,0.06,0.03,2.06,-4.4557421,15.2881738,100.0,GUIDED
1776081660,0.0,0.0,0.0,0.0,0.0,0.04,0.03,2.14,-4.4557421,15.2881738,100.0,GUIDED
1776081660,0.0,0.0,0.0,0.0,0.0,0.03,0.03,2.18,-4.4557421,15.2881738,100.0,GUIDED
1776081661,0.0,0.0,0.0,0.0,0.0,0.03,0.03,2.2,-4.4557421,15.2881738,100.0,GUIDED
1776081661,0.0,0.0,0.0,0.0,0.0,0.02,0.03,2.26,-4.4557421,15.2881738,100.0,GUIDED
1776081662,0.0,0.0,0.0,0.0,0.0,0.01,0.04,2.29,-4.4557421,15.2881738,100.0,GUIDED
1776081662,0.0,0.0,0.0,0.0,0.0,0.01,0.04,2.31,-4.4557421,15.2881738,100.0,GUIDED
1776081663,0.0,0.0,0.0,0.0,0.0,0.01,0.04,2.34,-4.4557421,15.2881738,100.0,GUIDED
1776081663,0.0,0.0,0.0,0.0,0.0,0.0,0.04,2.35,-4.4557421,15.2881738,100.0,GUIDED
1776081664,0.0,0.0,0.0,0.0,0.0,0.0,0.04,2.37,-4.4557421,15.2881738,100.0,GUIDED
1776081664,0.0,0.0,0.0,0.0,0.0,0.0,0.04,2.39,-4.4557421,15.2881738,100.0,GUIDED
1776081665,0.0,0.0,0.0,0.0,0.0,-0.0,0.04,2.4,-4.4557421,15.2881738,100.0,GUIDED
1776081665,0.0,0.0,0.0,0.0,0.0,-0.0,0.04,2.41,-4.4557421,15.2881738,100.0,GUIDED
1776081666,0.0,0.0,0.0,0.0,0.0,0.0,0.04,2.42,-4.4557421,15.2881738,100.0,GUIDED
1776081666,0.0,0.0,0.0,0.0,0.0,0.0,0.04,2.43,-4.4557421,15.2881738,100.0,GUIDED
1776081667,0.0,0.0,0.0,0.0,0.0,0.0,0.04,2.43,-4.4557421,15.2881738,100.0,GUIDED
1776081668,0.0,0.0,0.0,0.0,0.0,0.0,0.04,2.43,-4.4557421,15.2881738,100.0,GUIDED
1776081668,0.0,0.0,0.0,0.0,0.0,0.01,0.05,0.0,-4.4557421,15.2881738,100.0,GUIDED
1776081669,0.0,0.0,0.0,0.0,0.0,0.06,0.08,0.05,-4.4557421,15.2881738,99.0,GUIDED
1776081669,0.0,0.0,0.0,0.0,0.0,0.06,0.03,0.15,-4.4557422,15.2881738,99.0,GUIDED
1776081670,0.0,0.0,0.0,0.0,0.0,-0.07,-0.13,0.13,-4.4557423,15.2881738,99.0,GUIDED
1776081670,0.0,0.0,0.0,0.0,0.0,-0.13,-0.18,0.03,-4.4557424,15.2881738,99.0,GUIDED
1776081671,0.27,0.05,0.0,0.0,0.0,-0.21,-0.31,-0.16,-4.4557423,15.2881738,99.0,GUIDED
1776081671,0.83,0.08,0.0,0.0,0.0,-0.22,0.11,0.01,-4.4557422,15.2881738,99.0,GUIDED
1776081672,1.6,0.09,0.0,0.0,0.0,0.02,0.17,-0.42,-4.4557421,15.2881737,99.0,GUIDED
1776081672,2.5,0.08,0.0,0.0,0.0,0.18,0.04,-0.44,-4.4557421,15.2881736,99.0,GUIDED
1776081673,3.98,0.06,0.0,0.0,0.0,0.1,-0.3,-0.65,-4.4557419,15.2881734,99.0,GUIDED
1776081673,4.5,0.07,0.0,0.0,0.0,-0.0,0.0,-1.02,-4.4557418,15.2881733,99.0,GUIDED
1776081674,5.55,0.07,0.0,0.0,0.0,0.24,0.45,-0.82,-4.4557416,15.2881732,98.0,GUIDED
1776081674,6.64,0.02,0.0,0.0,0.0,0.36,0.45,-0.52,-4.4557414,15.2881731,98.0,GUIDED
1776081675,7.75,0.02,0.0,0.0,0.0,0.12,0.29,-0.33,-4.4557414,15.2881731,98.0,GUIDED
1776081675,8.86,0.03,0.0,0.0,0.0,0.23,0.04,-0.49,-4.4557414,15.2881731,98.0,GUIDED
1776081676,9.98,0.04,0.0,0.0,0.0,0.32,0.02,-0.66,-4.4557414,15.2881731,98.0,GUIDED
1776081676,11.09,0.05,0.0,0.0,0.0,0.14,0.34,-0.63,-4.4557414,15.2881732,98.0,GUIDED
1776081677,12.18,0.07,0.0,0.0,0.0,0.08,0.32,-0.7,-4.4557415,15.2881733,98.0,GUIDED
1776081677,13.14,0.07,0.0,0.0,0.0,0.09,0.07,-0.42,-4.4557416,15.2881735,98.0,GUIDED
1776081678,13.88,0.06,0.0,0.0,0.0,0.02,-0.1,-0.46,-4.4557417,15.2881737,97.0,GUIDED
1776081678,14.35,0.05,0.0,0.0,0.0,-0.13,0.05,-0.57,-4.4557417,15.2881738,97.0,GUIDED
1776081679,14.62,0.04,0.0,0.0,0.0,-0.21,-1.13,-0.27,-4.4557417,15.2881738,97.0,GUIDED
1776081679,14.74,0.07,0.0,0.0,0.0,-0.2,-5.86,0.21,-4.4557413,15.2881738,97.0,GUIDED
1776081680,14.81,0.37,0.0,0.0,0.0,0.02,-7.92,0.22,-4.4557392,15.2881738,97.0,GUIDED
1776081680,14.87,0.91,0.0,0.0,0.0,0.06,-8.02,-0.08,-4.4557353,15.2881738,97.0,GUIDED
1776081681,14.92,1.19,0.0,0.0,0.0,0.09,-8.62,-0.13,-4.45573,15.2881738,97.0,GUIDED
1776081682,14.96,1.42,0.0,0.0,0.0,0.01,-10.75,0.1,-4.4557234,15.2881738,97.0,GUIDED
1776081682,14.96,1.69,0.0,0.0,0.0,-0.04,-11.82,0.15,-4.4557195,15.2881738,97.0,GUIDED
1776081683,14.98,2.19,0.0,0.0,0.0,0.07,-13.6,0.08,-4.4557053,15.2881739,97.0,GUIDED
1776081683,14.98,2.36,0.0,0.0,0.0,0.1,-13.68,0.0,-4.4556998,15.2881739,97.0,GUIDED
1776081684,14.99,2.87,0.0,0.0,0.0,0.27,-13.87,-0.29,-4.4556812,15.2881739,96.0,GUIDED
1776081684,14.99,3.06,0.0,0.0,0.0,0.4,-14.56,-0.38,-4.4556677,15.2881739,96.0,GUIDED
1776081685,14.99,3.32,0.0,0.0,0.0,0.16,-15.31,-0.22,-4.4556533,15.288174,96.0,GUIDED
1776081685,14.98,3.58,0.0,0.0,0.0,-0.02,-16.26,-0.04,-4.4556301,15.2881741,96.0,GUIDED
1776081686,14.98,3.83,0.0,0.0,0.0,-0.07,-16.66,0.07,-4.4556136,15.2881741,96.0,GUIDED
1776081686,14.98,3.98,0.0,0.0,0.0,0.26,-17.09,-0.25,-4.4555963,15.288174,96.0,GUIDED
1776081687,14.97,4.19,0.0,0.0,0.0,0.31,-17.45,-0.09,-4.4555784,15.2881739,96.0,GUIDED
1776081687,14.97,4.32,0.0,0.0,0.0,0.33,-17.74,-0.06,-4.4555597,15.2881739,96.0,GUIDED
1776081688,14.97,4.43,0.0,0.0,0.0,0.46,-17.84,-0.28,-4.4555405,15.2881739,95.0,GUIDED
1776081688,14.97,4.57,0.0,0.0,0.0,0.39,-17.1,-0.26,-4.4555209,15.288174,95.0,GUIDED
1776081689,14.97,4.6,0.0,0.0,0.0,0.09,-15.9,0.17,-4.4555012,15.2881742,95.0,GUIDED
1776081689,14.97,4.51,0.0,0.0,0.0,-0.09,-14.49,0.17,-4.4554818,15.2881742,95.0,GUIDED
1776081690,14.97,4.38,0.0,0.0,0.0,0.08,-12.77,0.16,-4.4554631,15.2881742,95.0,GUIDED
1776081690,14.97,4.18,0.0,0.0,0.0,0.32,-10.44,-0.26,-4.4554455,15.2881741,95.0,GUIDED
1776081691,14.97,3.6,0.0,0.0,0.0,0.33,-7.67,-0.16,-4.455422,15.2881742,95.0,GUIDED
1776081691,14.96,3.27,0.0,0.0,0.0,0.22,-5.93,-0.17,-4.4554085,15.2881743,95.0,GUIDED
1776081692,14.96,2.75,0.0,0.0,0.0,-0.23,-3.35,-0.1,-4.4553969,15.2881745,95.0,GUIDED
1776081692,14.96,2.34,0.0,0.0,0.0,-0.31,0.93,-0.03,-4.4553874,15.2881745,94.0,GUIDED
1776081693,14.95,1.54,0.0,0.0,0.0,-0.09,3.53,0.21,-4.4553808,15.2881745,94.0,GUIDED
1776081693,14.95,0.78,0.0,0.0,0.0,2.73,2.07,21.02,-4.4553757,15.2881746,94.0,GUIDED
1776081694,14.95,0.33,0.0,0.0,0.0,5.18,1.0,39.78,-4.4553745,15.2881752,94.0,GUIDED
1776081694,14.95,0.32,0.0,0.0,0.0,5.78,-0.78,58.97,-4.4553748,15.2881767,94.0,GUIDED
1776081695,14.96,0.53,0.0,0.0,0.0,5.46,-2.78,78.32,-4.4553763,15.288179,94.0,GUIDED
1776081695,14.96,0.85,0.0,0.0,0.0,4.94,-5.07,97.48,-4.4553787,15.2881819,94.0,GUIDED
1776081696,14.96,1.06,0.0,0.0,0.0,3.68,-8.39,117.14,-4.4553822,15.2881854,94.0,GUIDED
1776081697,14.96,1.48,0.0,0.0,0.0,0.56,-11.56,135.52,-4.4553868,15.2881899,94.0,GUIDED
1776081697,14.96,1.84,0.0,0.0,0.0,-2.12,-13.35,139.18,-4.4553927,15.2881956,93.0,GUIDED
1776081698,14.96,2.21,0.0,0.0,0.0,0.12,-14.29,134.69,-4.4553997,15.288203,93.0,GUIDED
1776081698,14.96,2.86,0.0,0.0,0.0,1.77,-14.43,134.81,-4.4554124,15.2882162,93.0,GUIDED
1776081699,14.96,3.09,0.0,0.0,0.0,0.92,-14.88,135.69,-4.4554223,15.2882257,93.0,GUIDED
1776081699,14.97,3.38,0.0,0.0,0.0,0.59,-15.45,135.34,-4.455433,15.2882357,93.0,GUIDED
1776081700,14.97,3.46,0.0,0.0,0.0,0.68,-15.8,135.15,-4.4554386,15.2882409,93.0,GUIDED
1776081700,14.97,3.64,0.0,0.0,0.0,0.53,-16.35,135.44,-4.4554562,15.2882576,93.0,GUIDED
1776081701,14.97,3.96,0.0,0.0,0.0,0.43,-17.09,135.61,-4.4554686,15.2882694,93.0,GUIDED
1776081701,14.97,4.11,0.0,0.0,0.0,0.54,-17.18,135.33,-4.4554816,15.2882818,93.0,GUIDED
1776081702,14.97,4.29,0.0,0.0,0.0,0.85,-16.94,134.99,-4.455495,15.2882946,92.0,GUIDED
1776081702,14.98,4.37,0.0,0.0,0.0,0.71,-17.0,135.3,-4.4555087,15.2883076,92.0,GUIDED
1776081703,14.98,4.46,0.0,0.0,0.0,0.34,-17.35,135.58,-4.4555225,15.2883207,92.0,GUIDED
1776081703,14.98,4.52,0.0,0.0,0.0,0.39,-17.68,135.48,-4.4555365,15.2883341,92.0,GUIDED
1776081704,14.98,4.58,0.0,0.0,0.0,0.53,-17.92,135.04,-4.4555508,15.2883478,92.0,GUIDED
1776081704,14.98,4.69,0.0,0.0,0.0,0.54,-18.01,135.1,-4.4555653,15.2883617,92.0,GUIDED
1776081705,14.98,4.75,0.0,0.0,0.0,0.34,-17.92,135.46,-4.45558,15.288376,92.0,GUIDED
1776081705,14.99,4.81,0.0,0.0,0.0,0.34,-18.06,135.46,-4.4555948,15.2883903,92.0,GUIDED
1776081706,14.99,4.84,0.0,0.0,0.0,0.3,-18.22,135.17,-4.4556098,15.2884048,92.0,GUIDED
1776081706,14.99,4.88,0.0,0.0,0.0,0.24,-18.22,135.26,-4.4556248,15.2884194,91.0,GUIDED
1776081707,14.99,4.92,0.0,0.0,0.0,0.22,-17.57,135.36,-4.4556399,15.2884342,91.0,GUIDED
1776081707,15.0,4.9,0.0,0.0,0.0,0.17,-16.17,135.34,-4.455655,15.2884489,91.0,GUIDED
1776081708,15.0,4.75,0.0,0.0,0.0,0.07,-14.66,135.5,-4.4556696,15.2884633,91.0,GUIDED
1776081708,15.01,4.57,0.0,0.0,0.0,0.01,-12.85,135.44,-4.4556835,15.288477,91.0,GUIDED
1776081709,15.01,4.34,0.0,0.0,0.0,0.23,-10.52,135.03,-4.4556965,15.2884898,91.0,GUIDED
1776081710,15.01,3.7,0.0,0.0,0.0,0.27,-7.33,135.09,-4.4557137,15.2885068,91.0,GUIDED
1776081710,15.01,3.32,0.0,0.0,0.0,0.14,-5.29,135.22,-4.4557235,15.2885164,91.0,GUIDED
1776081711,15.01,2.73,0.0,0.0,0.0,0.13,-2.43,135.02,-4.4557318,15.2885246,91.0,GUIDED
1776081711,15.01,2.0,0.0,0.0,0.0,1.65,3.61,141.01,-4.4557407,15.2885335,90.0,GUIDED
1776081712,15.01,1.1,0.0,0.0,0.0,6.68,-0.05,157.46,-4.4557442,15.2885363,90.0,GUIDED
1776081712,15.01,0.81,0.0,0.0,0.0,7.18,-4.71,176.32,-4.4557475,15.2885367,90.0,GUIDED
1776081713,15.01,1.17,0.0,0.0,0.0,2.57,-8.19,-154.57,-4.4557539,15.2885335,90.0,GUIDED
1776081713,15.01,1.4,0.0,0.0,0.0,-0.11,-10.58,-136.0,-4.4557592,15.2885299,90.0,GUIDED
1776081714,15.01,1.84,0.0,0.0,0.0,-2.18,-12.29,-131.08,-4.4557655,15.2885251,90.0,GUIDED
1776081714,15.01,2.17,0.0,0.0,0.0,0.1,-13.53,-135.47,-4.455773,15.2885192,90.0,GUIDED
1776081715,15.01,2.75,0.0,0.0,0.0,1.83,-13.75,-135.46,-4.455786,15.2885078,90.0,GUIDED
1776081715,15.01,2.96,0.0,0.0,0.0,1.21,-14.15,-134.85,-4.4557951,15.2884986,89.0,GUIDED
1776081716,15.01,3.14,0.0,0.0,0.0,0.78,-14.86,-135.04,-4.4558046,15.2884885,89.0,GUIDED
1776081716,15.01,3.41,0.0,0.0,0.0,1.03,-15.82,-135.26,-4.45582,15.2884721,89.0,GUIDED
1776081717,15.01,3.66,0.0,0.0,0.0,1.15,-16.3,-135.28,-4.4558308,15.2884603,89.0,GUIDED
1776081717,15.01,3.9,0.0,0.0,0.0,1.06,-16.79,-135.13,-4.4558421,15.2884479,89.0,GUIDED
1776081718,15.01,4.04,0.0,0.0,0.0,0.8,-17.2,-135.15,-4.4558539,15.2884349,89.0,GUIDED
1776081718,15.01,4.24,0.0,0.0,0.0,0.79,-17.16,-135.39,-4.4558662,15.2884214,89.0,GUIDED
1776081719,15.02,4.36,0.0,0.0,0.0,0.87,-17.01,-135.17,-4.4558852,15.2884007,89.0,GUIDED
1776081719,15.01,4.44,0.0,0.0,0.0,0.55,-17.43,-135.01,-4.4558982,15.2883865,89.0,GUIDED
1776081720,15.01,4.5,0.0,0.0,0.0,0.31,-17.62,-135.06,-4.4559114,15.2883722,88.0,GUIDED
1776081720,15.01,4.56,0.0,0.0,0.0,0.44,-17.77,-134.96,-4.455925,15.2883578,88.0,GUIDED
1776081721,15.01,4.67,0.0,0.0,0.0,0.16,-17.83,-134.84,-4.4559457,15.2883359,88.0,GUIDED
1776081721,15.01,4.71,0.0,0.0,0.0,0.13,-18.05,-135.0,-4.4559597,15.2883212,88.0,GUIDED
1776081722,15.01,4.77,0.0,0.0,0.0,0.4,-18.19,-135.54,-4.4559739,15.2883064,88.0,GUIDED
1776081723,15.01,4.81,0.0,0.0,0.0,0.42,-18.42,-135.53,-4.4559883,15.2882914,88.0,GUIDED
1776081723,15.01,4.86,0.0,0.0,0.0,0.1,-17.9,-135.07,-4.4560028,15.2882763,88.0,GUIDED
1776081724,15.01,4.86,0.0,0.0,0.0,-0.11,-16.47,-134.98,-4.4560173,15.2882613,88.0,GUIDED
1776081724,15.01,4.78,0.0,0.0,0.0,-0.07,-14.85,-135.18,-4.4560316,15.2882467,87.0,GUIDED
1776081725,15.01,4.43,0.0,0.0,0.0,-0.22,-11.96,-135.04,-4.4560518,15.2882261,87.0,GUIDED
1776081725,15.01,4.17,0.0,0.0,0.0,-0.11,-9.4,-135.24,-4.4560642,15.2882137,87.0,GUIDED
1776081726,15.01,3.66,0.0,0.0,0.0,0.01,-7.45,-135.16,-4.4560754,15.2882026,87.0,GUIDED
1776081726,15.0,3.28,0.0,0.0,0.0,0.18,-5.64,-134.95,-4.4560851,15.2881929,87.0,GUIDED
1776081727,15.0,2.71,0.0,0.0,0.0,0.22,-2.89,-135.24,-4.4560934,15.2881846,87.0,GUIDED
1776081727,15.0,2.26,0.0,0.0,0.0,0.14,1.93,-135.04,-4.4561,15.288178,87.0,GUIDED
1776081728,14.99,1.69,0.0,0.0,0.0,3.67,2.86,-123.32,-4.4561044,15.2881735,87.0,GUIDED
1776081728,14.99,0.78,0.0,0.0,0.0,7.32,-4.19,-96.13,-4.4561062,15.2881685,87.0,GUIDED
1776081729,14.99,0.89,0.0,0.0,0.0,4.34,-6.76,-76.61,-4.4561046,15.2881647,86.0,GUIDED
1776081729,14.99,1.25,0.0,0.0,0.0,1.74,-9.11,-57.15,-4.4561016,15.2881601,86.0,GUIDED
1776081730,14.99,1.5,0.0,0.0,0.0,-1.58,-11.19,-41.26,-4.4560975,15.2881547,86.0,GUIDED
1776081730,14.99,1.98,0.0,0.0,0.0,-1.94,-12.95,-42.14,-4.4560922,15.288148,86.0,GUIDED
1776081731,14.99,2.32,0.0,0.0,0.0,1.07,-13.72,-45.91,-4.4560858,15.2881401,86.0,GUIDED
1776081731,14.99,2.62,0.0,0.0,0.0,1.84,-13.83,-45.08,-4.456078,15.2881315,86.0,GUIDED
1776081732,14.99,2.96,0.0,0.0,0.0,1.17,-14.33,-44.25,-4.4560689,15.2881225,86.0,GUIDED
1776081732,14.99,3.16,0.0,0.0,0.0,0.86,-15.0,-44.69,-4.4560588,15.2881132,86.0,GUIDED
1776081733,14.99,3.44,0.0,0.0,0.0,0.96,-15.61,-44.81,-4.456048,15.2881032,86.0,GUIDED
1776081734,14.99,3.61,0.0,0.0,0.0,0.92,-16.1,-44.61,-4.4560364,15.2880927,86.0,GUIDED
1776081734,14.99,3.77,0.0,0.0,0.0,0.65,-16.62,-44.34,-4.4560241,15.2880816,85.0,GUIDED
1776081735,14.99,4.07,0.0,0.0,0.0,0.64,-17.17,-44.84,-4.4560048,15.2880641,85.0,GUIDED
1776081735,14.99,4.19,0.0,0.0,0.0,0.78,-17.48,-44.97,-4.4559913,15.2880518,85.0,GUIDED
1776081736,14.99,4.36,0.0,0.0,0.0,0.76,-17.16,-44.81,-4.4559774,15.2880391,85.0,GUIDED
1776081736,14.99,4.43,0.0,0.0,0.0,0.56,-17.26,-44.44,-4.4559633,15.2880262,85.0,GUIDED
1776081737,14.98,4.51,0.0,0.0,0.0,0.34,-17.54,-44.55,-4.455949,15.288013,85.0,GUIDED
1776081737,14.98,4.57,0.0,0.0,0.0,0.46,-17.75,-44.98,-4.4559346,15.2879995,85.0,GUIDED
1776081738,14.98,4.62,0.0,0.0,0.0,0.41,-17.9,-44.88,-4.4559199,15.2879858,85.0,GUIDED
1776081738,14.98,4.73,0.0,0.0,0.0,0.33,-18.09,-44.59,-4.4558977,15.2879649,84.0,GUIDED
1776081739,14.98,4.78,0.0,0.0,0.0,0.32,-18.22,-44.95,-4.4558827,15.2879506,84.0,GUIDED
1776081739,14.98,4.84,0.0,0.0,0.0,0.33,-18.16,-44.96,-4.4558676,15.2879362,84.0,GUIDED
1776081740,14.98,4.87,0.0,0.0,0.0,0.1,-18.1,-44.71,-4.4558525,15.2879217,84.0,GUIDED
1776081740,14.98,4.87,0.0,0.0,0.0,-0.17,-16.42,-44.51,-4.4558299,15.2878998,84.0,GUIDED
1776081741,14.99,4.78,0.0,0.0,0.0,0.23,-14.81,-44.93,-4.4558152,15.2878854,84.0,GUIDED
1776081741,14.99,4.53,0.0,0.0,0.0,0.54,-12.97,-45.17,-4.4558013,15.2878717,84.0,GUIDED
1776081742,14.99,4.29,0.0,0.0,0.0,0.11,-10.69,-44.54,-4.4557881,15.287859,84.0,GUIDED
1776081742,14.99,3.99,0.0,0.0,0.0,-0.07,-8.5,-44.44,-4.4557762,15.2878474,84.0,GUIDED
1776081743,14.99,3.27,0.0,0.0,0.0,0.01,-5.64,-44.72,-4.4557608,15.2878323,83.0,GUIDED
1776081743,14.99,2.89,0.0,0.0,0.0,-0.02,-2.85,-45.1,-4.4557524,15.287824,83.0,GUIDED
1776081744,14.99,2.23,0.0,0.0,0.0,-0.02,1.99,-44.71,-4.4557457,15.2878174,83.0,GUIDED
1776081744,14.99,1.63,0.0,0.0,0.0,-0.11,11.62,-44.65,-4.4557413,15.287813,83.0,GUIDED
1776081745,14.98,0.27,0.0,0.0,0.0,3.53,10.2,-44.77,-4.4557412,15.2878131,83.0,RTL
1776081746,14.98,0.88,0.0,0.0,0.0,7.61,5.34,-44.7,-4.4557432,15.2878168,83.0,RTL
1776081746,14.99,1.3,0.0,0.0,0.0,8.63,5.4,-44.35,-4.4557442,15.2878225,83.0,RTL
1776081747,14.99,1.58,0.0,0.0,0.0,7.87,7.65,-44.63,-4.4557443,15.2878296,83.0,RTL
1776081747,14.99,1.86,0.0,0.0,0.0,8.2,9.22,-44.94,-4.4557442,15.2878383,82.0,RTL
1776081748,14.99,2.28,0.0,0.0,0.0,8.99,9.41,-44.67,-4.4557443,15.2878483,82.0,RTL
1776081748,14.99,2.54,0.0,0.0,0.0,9.29,9.2,-44.96,-4.4557444,15.2878597,82.0,RTL
1776081749,14.99,2.83,0.0,0.0,0.0,9.76,9.39,-44.74,-4.4557443,15.287872,82.0,RTL
1776081749,14.99,2.99,0.0,0.0,0.0,10.3,10.04,-44.83,-4.4557442,15.2878851,82.0,RTL
1776081750,14.99,3.16,0.0,0.0,0.0,10.64,10.73,-45.01,-4.4557439,15.2878991,82.0,RTL
1776081750,14.99,3.51,0.0,0.0,0.0,11.36,11.2,-44.7,-4.4557437,15.2879218,82.0,RTL
1776081751,14.99,3.67,0.0,0.0,0.0,11.7,11.46,-44.64,-4.4557434,15.287938,82.0,RTL
1776081751,14.99,3.89,0.0,0.0,0.0,11.84,11.77,-44.79,-4.4557431,15.2879549,82.0,RTL
1776081752,14.99,4.02,0.0,0.0,0.0,12.0,12.35,-44.97,-4.4557428,15.2879724,81.0,RTL
1776081752,14.99,4.21,0.0,0.0,0.0,12.09,12.81,-45.03,-4.4557425,15.2879906,81.0,RTL
1776081753,15.0,4.37,0.0,0.0,0.0,12.5,12.6,-44.56,-4.4557422,15.2880188,81.0,RTL
1776081753,15.0,4.49,0.0,0.0,0.0,11.82,11.89,-44.58,-4.4557421,15.2880382,81.0,RTL
1776081754,15.01,4.48,0.0,0.0,0.0,10.8,11.05,-44.67,-4.455742,15.2880575,81.0,RTL
1776081754,15.01,4.41,0.0,0.0,0.0,9.69,10.12,-44.93,-4.4557419,15.2880763,81.0,RTL
1776081755,15.01,4.18,0.0,0.0,0.0,8.28,8.8,-44.97,-4.4557418,15.2880944,81.0,RTL
1776081755,15.01,3.82,0.0,0.0,0.0,6.16,6.51,-44.65,-4.4557417,15.2881191,81.0,RTL
1776081756,15.02,3.35,0.0,0.0,0.0,5.19,5.48,-44.51,-4.4557417,15.2881336,81.0,RTL
1776081756,15.02,3.03,0.0,0.0,0.0,3.87,4.25,-44.64,-4.4557418,15.2881463,80.0,RTL
1776081757,15.02,2.52,0.0,0.0,0.0,2.14,2.57,-44.81,-4.4557419,15.2881573,80.0,RTL
1776081758,15.01,2.13,0.0,0.0,0.0,-1.04,-0.56,-44.86,-4.455742,15.2881662,80.0,RTL
1776081758,14.99,1.62,0.0,0.0,0.0,-8.74,-8.38,-44.51,-4.4557421,15.2881718,80.0,LAND
1776081759,14.72,0.08,0.0,0.0,0.0,-1.65,-1.64,-44.97,-4.4557422,15.2881723,80.0,LAND
1776081759,14.23,0.24,0.0,0.0,0.0,1.68,1.54,-44.86,-4.4557424,15.2881712,80.0,LAND
1776081760,13.55,0.05,0.0,0.0,0.0,1.87,1.73,-44.87,-4.4557425,15.2881708,80.0,LAND
1776081760,12.81,0.09,0.0,0.0,0.0,0.99,0.73,-44.77,-4.4557426,15.2881711,80.0,LAND
1776081761,12.08,0.14,0.0,0.0,0.0,0.26,0.03,-44.76,-4.4557426,15.2881717,80.0,LAND
1776081761,11.35,0.12,0.0,0.0,0.0,0.17,-0.18,-44.58,-4.4557426,15.2881722,80.0,LAND
1776081762,10.63,0.09,0.0,0.0,0.0,0.28,-0.07,-44.96,-4.4557426,15.2881725,79.0,LAND
1776081762,9.91,0.07,0.0,0.0,0.0,0.41,0.08,-44.81,-4.4557425,15.2881727,79.0,LAND
1776081763,8.88,0.08,0.0,0.0,0.0,0.27,0.19,-44.7,-4.4557423,15.2881731,79.0,LAND
1776081763,8.37,0.08,0.0,0.0,0.0,0.25,0.15,-44.91,-4.4557422,15.2881733,79.0,LAND
1776081764,8.06,0.07,0.0,0.0,0.0,0.02,-0.1,-44.82,-4.4557421,15.2881736,79.0,LAND
1776081764,7.86,0.06,0.0,0.0,0.0,-0.13,-0.14,-44.62,-4.455742,15.2881737,79.0,LAND
1776081765,7.64,0.05,0.0,0.0,0.0,-0.09,0.04,-44.87,-4.4557419,15.2881737,79.0,LAND
1776081765,7.4,0.04,0.0,0.0,0.0,0.1,0.17,-45.02,-4.4557418,15.2881737,79.0,LAND
1776081766,7.03,0.03,0.0,0.0,0.0,0.01,0.15,-44.66,-4.4557416,15.2881737,79.0,LAND
1776081766,6.79,0.02,0.0,0.0,0.0,0.09,0.16,-44.67,-4.4557416,15.2881737,78.0,LAND
1776081767,6.55,0.02,0.0,0.0,0.0,0.02,0.04,-44.56,-4.4557415,15.2881736,78.0,LAND
1776081767,6.31,0.02,0.0,0.0,0.0,-0.06,0.16,-44.59,-4.4557414,15.2881736,78.0,LAND
1776081768,6.07,0.01,0.0,0.0,0.0,-0.13,0.14,-44.84,-4.4557414,15.2881736,78.0,LAND
1776081768,5.83,0.01,0.0,0.0,0.0,-0.33,0.13,-44.96,-4.4557413,15.2881736,78.0,LAND
1776081769,5.59,0.03,0.0,0.0,0.0,-0.21,0.24,-44.67,-4.4557413,15.2881735,78.0,LAND
1776081769,5.23,0.03,0.0,0.0,0.0,0.17,0.17,-44.85,-4.4557415,15.2881733,78.0,LAND
1776081770,5.0,0.02,0.0,0.0,0.0,0.16,0.28,-44.89,-4.4557415,15.2881733,78.0,LAND
1776081770,4.76,0.0,0.0,0.0,0.0,0.01,0.12,-44.45,-4.4557415,15.2881733,78.0,LAND
1776081771,4.52,0.0,0.0,0.0,0.0,-0.15,-0.0,-44.82,-4.4557416,15.2881733,77.0,LAND
1776081771,4.28,0.01,0.0,0.0,0.0,-0.03,0.15,-45.15,-4.4557415,15.2881733,77.0,LAND
1776081772,4.04,0.01,0.0,0.0,0.0,-0.01,0.46,-45.02,-4.4557415,15.2881732,77.0,LAND
1776081773,3.8,0.01,0.0,0.0,0.0,-0.02,0.46,-45.06,-4.4557415,15.2881731,77.0,LAND
1776081773,3.44,0.03,0.0,0.0,0.0,-0.03,0.14,-44.87,-4.4557416,15.2881732,77.0,LAND
1776081774,3.2,0.03,0.0,0.0,0.0,-0.04,0.26,-44.55,-4.4557417,15.2881732,77.0,LAND
1776081774,2.96,0.03,0.0,0.0,0.0,0.18,0.11,-44.54,-4.4557418,15.2881731,77.0,LAND
1776081775,2.72,0.01,0.0,0.0,0.0,0.2,0.19,-45.09,-4.4557418,15.2881732,77.0,LAND
1776081775,2.48,0.01,0.0,0.0,0.0,0.1,0.34,-44.81,-4.4557418,15.2881732,77.0,LAND
1776081776,2.24,0.02,0.0,0.0,0.0,0.02,0.37,-44.73,-4.4557418,15.2881732,77.0,LAND
1776081776,1.88,0.03,0.0,0.0,0.0,-0.01,0.08,-44.66,-4.4557419,15.2881734,76.0,LAND
1776081777,1.64,0.02,0.0,0.0,0.0,-0.05,-0.01,-44.82,-4.455742,15.2881735,76.0,LAND
1776081777,1.41,0.01,0.0,0.0,0.0,-0.05,0.02,-44.81,-4.455742,15.2881735,76.0,LAND
1776081778,1.17,0.01,0.0,0.0,0.0,0.15,0.31,-44.87,-4.455742,15.2881734,76.0,LAND
1776081778,0.93,0.0,0.0,0.0,0.0,0.19,0.13,-44.86,-4.455742,15.2881734,76.0,LAND
1776081779,0.57,0.01,0.0,0.0,0.0,-0.12,0.29,-44.64,-4.4557419,15.2881735,76.0,LAND
1776081779,0.33,0.01,0.0,0.0,0.0,-0.12,0.23,-44.79,-4.455742,15.2881735,76.0,LAND
1776081780,0.09,0.02,0.0,0.0,0.0,0.15,0.04,-44.84,-4.4557421,15.2881735,76.0,LAND
1776081780,-0.14,0.0,0.0,0.0,0.0,0.22,0.06,-44.73,-4.4557421,15.2881735,76.0,LAND
1776081781,-0.36,0.0,0.0,0.0,0.0,0.03,-0.01,-44.6,-4.4557421,15.2881735,75.0,LAND
1776081781,-0.68,0.0,0.0,0.0,0.0,0.1,0.06,-44.83,-4.4557421,15.2881735,75.0,LAND
1776081782,-0.88,0.01,0.0,0.0,0.0,0.07,0.14,-44.62,-4.455742,15.2881735,75.0,LAND
1776081782,-1.07,0.01,0.0,0.0,0.0,-0.07,0.21,-44.73,-4.455742,15.2881736,75.0,LAND
1776081783,-1.24,0.01,0.0,0.0,0.0,-0.2,0.11,-44.74,-4.455742,15.2881736,75.0,LAND
1776081783,-1.4,0.01,0.0,0.0,0.0,-0.37,-0.05,-44.72,-4.4557419,15.2881735,75.0,LAND
1776081784,0.1,0.01,0.0,0.0,0.0,-0.48,-0.08,-44.89,-4.4557421,15.2881726,75.0,LAND
1776081785,0.11,0.01,0.0,0.0,0.0,-0.51,-0.08,-45.06,-4.4557421,15.2881725,75.0,LAND
1776081877,0.5,2.15,-0.318,-0.199,9.734,0.0,3.0,0.0,48.8584,2.2945,100.0,DECOLLAGE
1776081877,0.95,2.2,-0.36,0.13,9.727,0.6,2.98,0.48,48.8584,2.2945,99.9,DECOLLAGE
1776081877,1.45,2.29,-0.368,-0.106,9.857,1.14,2.92,0.92,48.8584,2.2945,99.9,DECOLLAGE
1776081877,1.97,2.35,0.217,-0.299,9.809,1.66,2.83,1.35,48.8584,2.2945,99.8,DECOLLAGE
1776081878,2.41,2.15,-0.048,-0.22,9.909,2.16,2.7,1.79,48.8584,2.2945,99.8,DECOLLAGE
1776081878,2.81,2.22,-0.045,-0.454,9.878,2.61,2.56,2.2,48.8584,2.2945,99.7,DECOLLAGE
1776081878,3.27,2.22,0.445,0.089,9.879,3.06,2.37,2.63,48.8584,2.2945,99.7,DECOLLAGE
1776081878,3.83,2.33,0.244,-0.311,9.81,3.47,2.16,3.07,48.8584,2.2945,99.6,DECOLLAGE
1776081878,4.32,2.02,0.254,0.417,9.883,3.84,1.92,3.5,48.8584,2.2945,99.6,DECOLLAGE
1776081879,4.86,2.15,-0.139,-0.099,9.902,4.17,1.66,3.94,48.8584,2.2945,99.5,DECOLLAGE
1776081879,5.36,2.02,-0.134,0.239,9.851,4.44,1.38,4.38,48.8584,2.2945,99.5,DECOLLAGE
1776081879,5.85,2.39,0.053,0.356,9.737,4.67,1.08,4.81,48.8584,2.2945,99.4,DECOLLAGE
1776081879,6.41,2.42,-0.323,0.081,9.782,4.83,0.76,5.25,48.8584,2.2945,99.4,DECOLLAGE
1776081880,6.86,2.03,0.352,0.109,9.822,4.94,0.45,5.69,48.8584,2.2945,99.3,DECOLLAGE
1776081880,7.31,2.46,0.151,0.104,9.76,5.0,0.12,6.12,48.8584,2.2945,99.3,DECOLLAGE
1776081880,7.8,2.49,0.16,-0.458,9.786,4.99,-0.19,6.53,48.8584,2.2945,99.2,DECOLLAGE
1776081880,8.22,2.39,0.051,0.107,9.82,4.93,-0.51,6.97,48.8584,2.2945,99.2,DECOLLAGE
1776081880,8.82,2.36,-0.105,-0.146,9.746,4.81,-0.83,7.4,48.8584,2.2945,99.1,DECOLLAGE
1776081881,9.24,2.01,-0.031,0.183,9.74,4.64,-1.12,7.81,48.8584,2.2945,99.1,DECOLLAGE
1776081881,9.69,2.28,0.472,-0.155,9.719,4.43,-1.39,8.21,48.8584,2.2945,99.0,DECOLLAGE
1776081881,10.25,2.4,-0.384,-0.281,9.808,4.15,-1.67,8.65,48.8584,2.2945,99.0,DECOLLAGE
1776081881,10.79,2.39,0.221,0.22,9.721,3.82,-1.93,9.09,48.8584,2.2945,98.9,DECOLLAGE
1776081881,11.25,2.09,-0.356,0.399,9.887,3.45,-2.17,9.52,48.8584,2.2945,98.9,DECOLLAGE
1776081882,11.79,2.14,0.072,-0.236,9.891,3.03,-2.39,9.96,48.8584,2.2945,98.8,DECOLLAGE
1776081882,12.39,2.08,0.349,0.017,9.895,2.57,-2.57,10.4,48.8584,2.2945,98.8,DECOLLAGE
1776081882,12.96,2.2,-0.089,0.409,9.8,2.1,-2.72,10.84,48.8584,2.2945,98.7,DECOLLAGE
1776081882,13.49,2.43,-0.122,-0.489,9.804,1.59,-2.84,11.27,48.8584,2.2945,98.7,DECOLLAGE
1776081883,13.89,2.18,-0.099,-0.239,9.895,1.06,-2.93,11.71,48.8584,2.2945,98.6,DECOLLAGE
1776081883,14.38,2.31,0.358,-0.065,9.881,0.53,-2.98,12.14,48.8584,2.2945,98.6,DECOLLAGE
1776081883,14.86,2.45,0.25,0.324,9.832,-0.01,-3.0,12.58,48.8584,2.2945,98.5,DECOLLAGE
1776081883,15.29,2.46,0.379,0.31,9.74,-0.52,-2.98,12.98,48.8584,2.2945,98.5,DECOLLAGE
1776081883,15.21,4.9,0.459,0.263,9.906,-1.06,-2.93,13.42,48.8584,2.2946,98.4,VOL_STABILISE
1776081884,15.3,5.09,0.033,-0.377,9.724,-1.58,-2.85,13.85,48.8584,2.2947,98.4,VOL_STABILISE
1776081884,15.38,4.83,-0.066,0.486,9.857,-2.09,-2.73,14.29,48.8584,2.2948,98.3,VOL_STABILISE
1776081884,15.44,4.82,-0.025,0.107,9.887,-2.54,-2.59,14.69,48.8584,2.2949,98.3,VOL_STABILISE
1776081884,15.48,5.15,0.35,0.318,9.883,-2.99,-2.4,15.13,48.8584,2.295,98.2,VOL_STABILISE
1776081884,15.5,4.93,0.145,0.479,9.876,-3.41,-2.2,15.57,48.8584,2.2951,98.2,VOL_STABILISE
1776081885,15.5,4.93,-0.442,0.028,9.741,-3.76,-1.98,15.97,48.8584,2.2952,98.1,VOL_STABILISE
1776081885,15.47,4.86,-0.451,-0.173,9.73,-4.1,-1.72,16.41,48.8584,2.2953,98.1,VOL_STABILISE
1776081885,15.42,4.89,0.408,0.359,9.795,-4.39,-1.44,16.85,48.8584,2.2954,98.0,VOL_STABILISE
1776081885,15.35,5.12,0.165,0.314,9.774,-4.62,-1.15,17.28,48.8584,2.2955,98.0,VOL_STABILISE
1776081886,15.27,4.9,0.401,0.227,9.887,-4.79,-0.86,17.69,48.8584,2.2956,97.9,VOL_STABILISE
1776081886,15.18,5.04,-0.17,0.272,9.9,-4.92,-0.54,18.12,48.8584,2.2957,97.9,VOL_STABILISE
1776081886,15.07,5.12,0.063,-0.141,9.728,-4.99,-0.22,18.56,48.8584,2.2958,97.8,VOL_STABILISE
1776081886,14.96,4.91,0.386,-0.141,9.759,-5.0,0.11,19.0,48.8584,2.2959,97.8,VOL_STABILISE
1776081886,15.51,2.45,0.156,0.162,9.819,-4.95,0.42,19.41,48.8584,2.2959,97.7,DECOLLAGE
1776081887,14.76,5.19,0.316,0.34,9.881,-4.85,0.74,19.84,48.8584,2.296,97.7,VOL_STABILISE
1776081887,14.67,4.81,-0.23,-0.263,9.904,-4.69,1.05,20.28,48.8584,2.2961,97.6,VOL_STABILISE
1776081887,14.6,4.9,0.463,0.196,9.767,-4.47,1.35,20.71,48.8584,2.2962,97.6,VOL_STABILISE
1776081887,14.54,5.07,-0.087,0.074,9.833,-4.2,1.63,21.14,48.8584,2.2963,97.5,VOL_STABILISE
1776081887,14.51,4.85,0.408,0.208,9.726,-3.9,1.88,21.55,48.8584,2.2964,97.5,VOL_STABILISE
1776081888,14.5,4.91,-0.018,0.25,9.865,-3.54,2.12,21.99,48.8584,2.2965,97.4,VOL_STABILISE
1776081888,14.51,4.89,0.254,0.272,9.774,-3.16,2.32,22.39,48.8584,2.2966,97.4,VOL_STABILISE
1776081888,14.54,5.09,0.493,-0.407,9.788,-2.72,2.52,22.83,48.8584,2.2967,97.3,VOL_STABILISE
1776081888,14.6,5.18,0.222,0.423,9.767,-2.25,2.68,23.26,48.8584,2.2968,97.3,VOL_STABILISE
1776081889,14.67,5.1,0.02,-0.465,9.788,-1.75,2.81,23.7,48.8584,2.2969,97.2,VOL_STABILISE
1776081889,14.76,5.02,0.352,0.234,9.745,-1.23,2.91,24.14,48.8584,2.297,97.2,VOL_STABILISE
1776081889,14.85,4.89,0.48,0.37,9.863,-0.73,2.97,24.54,48.8584,2.2971,97.1,VOL_STABILISE
1776081889,14.96,4.88,0.454,-0.35,9.764,-0.22,3.0,24.95,48.8584,2.2972,97.1,VOL_STABILISE
1776081889,15.06,5.15,0.35,-0.138,9.804,0.32,2.99,25.39,48.8584,2.2973,97.0,VOL_STABILISE
1776081890,15.17,5.05,0.355,-0.477,9.878,0.86,2.96,25.82,48.8584,2.2974,97.0,VOL_STABILISE
1776081890,15.27,5.11,-0.196,0.192,9.767,1.39,2.88,26.26,48.8584,2.2975,96.9,VOL_STABILISE
1776081890,15.35,4.89,0.5,0.205,9.778,1.9,2.77,26.69,48.8584,2.2976,96.9,VOL_STABILISE
1776081890,15.42,5.01,0.29,0.158,9.81,2.39,2.63,27.13,48.8584,2.2977,96.8,VOL_STABILISE
1776081890,15.47,5.04,0.154,-0.485,9.786,2.85,2.46,27.56,48.8584,2.2978,96.8,VOL_STABILISE
1776081891,15.5,5.13,0.289,0.308,9.821,3.29,2.26,28.0,48.8584,2.2979,96.7,VOL_STABILISE
1776081891,15.5,5.18,-0.056,-0.366,9.843,3.67,2.03,28.43,48.8584,2.298,96.7,VOL_STABILISE
1776081891,15.48,5.08,0.402,0.017,9.716,4.02,1.78,28.87,48.8584,2.2981,96.6,VOL_STABILISE
1776081891,15.43,5.12,-0.081,-0.304,9.835,4.32,1.51,29.31,48.8584,2.2982,96.6,VOL_STABILISE
1776081892,15.38,5.01,-0.244,-0.386,9.881,4.55,1.24,29.71,48.8584,2.2983,96.5,VOL_STABILISE
1776081892,15.3,5.03,0.31,0.491,9.814,4.75,0.93,30.15,48.8584,2.2984,96.5,VOL_STABILISE
1776081892,15.2,4.93,-0.496,-0.211,9.799,4.89,0.62,30.59,48.8584,2.2985,96.4,VOL_STABILISE
1776081892,15.1,4.96,-0.499,0.419,9.82,4.98,0.29,31.02,48.8584,2.2986,96.4,VOL_STABILISE
1776081892,14.99,5.03,0.265,0.252,9.889,5.0,-0.03,31.46,48.8584,2.2987,96.3,VOL_STABILISE
1776081893,14.88,5.05,0.018,-0.179,9.793,4.96,-0.36,31.89,48.8584,2.2988,96.3,VOL_STABILISE
1776081893,14.78,4.97,0.461,-0.236,9.791,4.88,-0.66,32.31,48.8584,2.2989,96.2,VOL_STABILISE
1776081893,14.69,4.97,0.036,-0.089,9.824,4.73,-0.98,32.74,48.8584,2.299,96.2,VOL_STABILISE
1776081893,14.61,4.93,-0.136,-0.11,9.745,4.52,-1.28,33.18,48.8584,2.2991,96.1,VOL_STABILISE
1776081893,14.56,4.87,0.07,0.44,9.826,4.28,-1.55,33.58,48.8584,2.2992,96.1,VOL_STABILISE
1776081894,14.52,4.8,0.458,0.143,9.716,3.98,-1.82,34.02,48.8584,2.2993,96.0,VOL_STABILISE
1776081894,14.5,5.08,0.482,-0.059,9.76,3.63,-2.06,34.45,48.8584,2.2994,96.0,VOL_STABILISE
1776081894,14.51,5.13,-0.09,-0.479,9.858,3.24,-2.28,34.88,48.8584,2.2995,95.9,VOL_STABILISE
1776081894,14.54,5.11,0.322,-0.458,9.731,2.81,-2.48,35.31,48.8584,2.2996,95.9,VOL_STABILISE
1776081895,14.59,5.05,-0.316,-0.296,9.878,2.35,-2.65,35.75,48.8584,2.2997,95.8,VOL_STABILISE
1776081895,14.66,4.91,0.193,0.107,9.781,1.85,-2.79,36.18,48.8584,2.2998,95.8,VOL_STABILISE
1776081895,14.74,4.96,0.488,-0.291,9.79,1.37,-2.89,36.59,48.8584,2.2999,95.7,VOL_STABILISE
1776081895,14.83,4.84,0.226,0.213,9.793,0.84,-2.96,37.02,48.8584,2.3,95.7,VOL_STABILISE
1776081895,14.94,4.9,-0.362,-0.411,9.886,0.3,-2.99,37.46,48.8584,2.3001,95.6,VOL_STABILISE
1776081896,15.04,4.85,0.21,-0.138,9.744,-0.21,-3.0,37.87,48.8584,2.3002,95.6,VOL_STABILISE
1776081896,15.15,4.85,0.245,-0.267,9.742,-0.75,-2.97,38.3,48.8584,2.3003,95.5,VOL_STABILISE
1776081896,15.25,5.09,0.325,-0.232,9.821,-1.28,-2.9,38.74,48.8584,2.3004,95.5,VOL_STABILISE
1776081896,15.34,5.02,0.005,-0.249,9.879,-1.8,-2.8,39.17,48.8584,2.3005,95.4,VOL_STABILISE
1776081896,15.41,4.84,-0.146,-0.015,9.802,-2.3,-2.66,39.61,48.8584,2.3006,95.4,VOL_STABILISE
1776081897,15.46,5.18,-0.105,-0.405,9.849,-2.77,-2.5,40.05,48.8584,2.3007,95.3,VOL_STABILISE
1776081897,15.49,5.0,0.165,-0.282,9.86,-3.18,-2.32,40.45,48.8584,2.3008,95.3,VOL_STABILISE
1776081897,15.5,4.95,0.297,0.464,9.858,-3.58,-2.09,40.89,48.8584,2.3009,95.2,VOL_STABILISE
1776081897,15.49,4.86,0.189,0.423,9.74,-3.94,-1.85,41.33,48.8584,2.301,95.2,VOL_STABILISE
1776081898,15.45,5.09,0.163,0.139,9.787,-4.23,-1.6,41.73,48.8584,2.3011,95.1,VOL_STABILISE
1776081898,15.39,4.82,0.062,-0.353,9.91,-4.5,-1.31,42.17,48.8584,2.3012,95.1,VOL_STABILISE
1776081898,15.32,4.91,-0.105,0.462,9.74,-4.71,-1.01,42.61,48.8584,2.3013,95.0,VOL_STABILISE
1776081898,15.23,4.99,0.025,-0.083,9.809,-4.85,-0.72,43.01,48.8584,2.3014,95.0,VOL_STABILISE
1776081898,15.13,4.81,0.164,-0.469,9.901,-4.96,-0.4,43.45,48.8584,2.3015,94.9,VOL_STABILISE
1776081899,15.02,4.85,-0.282,0.452,9.801,-5.0,-0.07,43.88,48.8584,2.3016,94.9,VOL_STABILISE
1776081899,14.92,4.92,0.258,0.443,9.768,-4.98,0.25,44.32,48.8584,2.3017,94.8,VOL_STABILISE
1776081899,14.81,4.96,-0.325,-0.462,9.735,-4.91,0.57,44.75,48.8584,2.3018,94.8,VOL_STABILISE
1776081899,14.72,5.16,0.057,0.123,9.844,-4.79,0.87,45.16,48.8584,2.3019,94.7,VOL_STABILISE
1776081899,14.64,4.95,-0.067,0.48,9.856,-4.61,1.16,45.57,48.8584,2.302,94.7,VOL_STABILISE
1776081900,14.58,5.18,0.087,0.056,9.864,-4.38,1.45,46.0,48.8584,2.3021,94.6,VOL_STABILISE
1776081900,14.53,4.82,-0.49,-0.131,9.908,-4.11,1.71,46.41,48.8584,2.3022,94.6,VOL_STABILISE
1776081900,14.5,5.15,-0.156,0.068,9.765,-3.78,1.97,46.84,48.8584,2.3023,94.5,VOL_STABILISE
1776081900,14.5,5.12,-0.215,0.366,9.786,-3.42,2.19,47.25,48.8584,2.3024,94.5,VOL_STABILISE
1776081901,14.52,5.04,0.432,-0.409,9.806,-3.04,2.38,47.66,48.8584,2.3025,94.4,VOL_STABILISE
1776081901,14.56,4.96,-0.442,-0.074,9.801,-2.59,2.57,48.09,48.8584,2.3026,94.4,VOL_STABILISE
1776081901,14.62,4.8,0.092,0.12,9.846,-2.11,2.72,48.53,48.8584,2.3027,94.3,VOL_STABILISE
1776081901,14.7,5.01,-0.204,-0.343,9.893,-1.6,2.84,48.96,48.8584,2.3028,94.3,VOL_STABILISE
1776081901,14.79,4.95,-0.068,-0.374,9.89,-1.08,2.93,49.4,48.8584,2.3029,94.2,VOL_STABILISE
1776081902,14.89,5.12,0.082,0.309,9.783,-0.57,2.98,49.8,48.8584,2.303,94.2,VOL_STABILISE
1776081902,14.99,4.97,0.315,-0.487,9.866,-0.07,3.0,50.21,48.8584,2.3031,94.1,VOL_STABILISE
1776081902,15.1,4.85,-0.41,-0.204,9.783,0.48,2.99,50.65,48.8584,2.3032,94.1,VOL_STABILISE
1776081902,15.2,4.89,-0.46,-0.036,9.808,1.02,2.94,51.08,48.8584,2.3033,94.0,VOL_STABILISE
1776081902,15.29,4.94,0.427,0.492,9.864,1.54,2.85,51.52,48.8584,2.3034,94.0,VOL_STABILISE
1776081903,15.37,5.16,0.291,0.099,9.724,2.05,2.74,51.95,48.8584,2.3035,93.9,VOL_STABILISE
1776081903,15.43,4.98,0.195,0.366,9.889,2.5,2.6,52.36,48.8584,2.3036,93.9,VOL_STABILISE
1776081903,15.48,5.04,-0.251,0.282,9.72,2.96,2.42,52.8,48.8584,2.3037,93.8,VOL_STABILISE
1776081903,15.5,5.13,0.332,-0.068,9.862,3.38,2.21,53.24,48.8584,2.3038,93.8,VOL_STABILISE
1776081904,15.5,4.99,-0.003,-0.304,9.755,3.76,1.98,53.67,48.8584,2.3039,93.7,VOL_STABILISE
1776081904,15.47,4.84,0.107,-0.174,9.846,4.08,1.74,54.08,48.8584,2.304,93.7,VOL_STABILISE
1776081904,15.43,5.14,-0.271,-0.071,9.904,4.35,1.48,54.48,48.8584,2.3041,93.6,VOL_STABILISE
1776081904,15.36,5.07,-0.401,-0.371,9.848,4.59,1.19,54.92,48.8584,2.3042,93.6,VOL_STABILISE
1776081904,15.28,4.97,-0.111,0.128,9.843,4.78,0.88,55.36,48.8584,2.3043,93.5,VOL_STABILISE
1776081905,15.18,5.08,-0.095,0.233,9.776,4.91,0.56,55.79,48.8584,2.3044,93.5,VOL_STABILISE
1776081905,15.08,5.0,-0.401,-0.477,9.731,4.98,0.24,56.23,48.8584,2.3045,93.4,VOL_STABILISE
1776081905,14.97,4.91,-0.471,-0.345,9.894,5.0,-0.09,56.66,48.8584,2.3046,93.4,VOL_STABILISE
1776081905,14.87,5.04,0.189,0.12,9.907,4.96,-0.39,57.07,48.8584,2.3047,93.3,VOL_STABILISE
1776081905,14.77,4.83,-0.061,0.155,9.866,4.86,-0.71,57.51,48.8584,2.3048,93.3,VOL_STABILISE
1776081906,14.68,5.1,-0.193,-0.496,9.885,4.7,-1.02,57.93,48.8584,2.3049,93.2,VOL_STABILISE
1776081906,14.61,4.8,-0.154,0.002,9.87,4.49,-1.32,58.37,48.8584,2.305,93.2,VOL_STABILISE
1776081906,14.55,5.01,-0.395,-0.439,9.758,4.22,-1.6,58.81,48.8584,2.3051,93.1,VOL_STABILISE
1776081906,14.51,5.07,-0.181,-0.032,9.815,3.91,-1.87,59.24,48.8584,2.3052,93.1,VOL_STABILISE
1776081907,14.5,5.16,0.193,-0.114,9.881,3.57,-2.1,59.65,48.8584,2.3053,93.0,VOL_STABILISE
1776081907,14.51,4.98,-0.188,-0.343,9.784,3.17,-2.32,60.09,48.8584,2.3054,93.0,VOL_STABILISE
1776081907,14.54,5.08,-0.304,0.198,9.865,2.76,-2.5,60.49,48.8584,2.3055,92.9,VOL_STABILISE
1776081907,14.59,5.01,-0.244,-0.171,9.867,2.29,-2.67,60.93,48.8584,2.3056,92.9,VOL_STABILISE
1776081907,14.67,5.05,-0.18,0.365,9.788,1.79,-2.8,61.37,48.8584,2.3057,92.8,VOL_STABILISE
1776081908,14.75,4.84,0.061,0.446,9.78,1.27,-2.9,61.8,48.8584,2.3058,92.8,VOL_STABILISE
1776081908,14.85,5.17,-0.179,-0.428,9.714,0.77,-2.96,62.21,48.8584,2.3059,92.7,VOL_STABILISE
1776081908,14.95,5.06,-0.138,-0.285,9.894,0.23,-3.0,62.65,48.8584,2.306,92.7,VOL_STABILISE
1776081908,15.06,5.1,-0.119,-0.264,9.867,-0.31,-2.99,63.08,48.8584,2.3061,92.6,VOL_STABILISE
1776081908,15.17,4.93,-0.412,-0.006,9.876,-0.85,-2.96,63.52,48.8584,2.3062,92.6,VOL_STABILISE
1776081909,15.27,5.2,0.164,0.164,9.757,-1.39,-2.88,63.96,48.8584,2.3063,92.5,VOL_STABILISE
1776081909,15.35,4.83,-0.458,-0.384,9.803,-1.87,-2.78,64.36,48.8584,2.3064,92.5,VOL_STABILISE
1776081909,15.41,4.91,0.122,-0.055,9.711,-2.33,-2.66,64.77,48.8584,2.3065,92.4,VOL_STABILISE
1776081909,15.46,4.85,0.378,0.292,9.833,-2.79,-2.49,65.2,48.8584,2.3066,92.4,VOL_STABILISE
1776081910,15.49,5.09,0.177,-0.234,9.811,-3.23,-2.29,65.64,48.8584,2.3067,92.3,VOL_STABILISE
1776081910,15.5,5.09,-0.085,-0.422,9.858,-3.63,-2.07,66.08,48.8584,2.3068,92.3,VOL_STABILISE
1776081910,15.48,4.94,-0.205,0.02,9.898,-3.96,-1.84,66.48,48.8584,2.3069,92.2,VOL_STABILISE
1776081910,15.45,5.12,-0.105,0.391,9.749,-4.26,-1.57,66.92,48.8584,2.307,92.2,VOL_STABILISE
1776081910,15.39,4.86,0.271,-0.377,9.78,-4.52,-1.28,67.36,48.8584,2.3071,92.1,VOL_STABILISE
1776081911,15.31,5.04,0.402,-0.049,9.817,-4.72,-1.0,67.76,48.8584,2.3072,92.1,VOL_STABILISE
1776081911,15.23,4.86,0.073,-0.457,9.727,-4.86,-0.7,68.17,48.8584,2.3073,92.0,VOL_STABILISE
1776081911,15.13,4.9,0.161,-0.156,9.859,-4.96,-0.38,68.6,48.8584,2.3074,92.0,VOL_STABILISE
1776081911,15.02,4.81,0.445,-0.347,9.763,-5.0,-0.06,69.04,48.8584,2.3075,91.9,VOL_STABILISE
1776081911,14.92,4.85,-0.05,0.043,9.805,-4.98,0.25,69.45,48.8584,2.3076,91.9,VOL_STABILISE
1776081912,14.81,5.04,-0.399,0.149,9.77,-4.91,0.57,69.88,48.8584,2.3077,91.8,VOL_STABILISE
1776081912,14.72,4.95,-0.237,0.061,9.872,-4.78,0.89,70.32,48.8584,2.3078,91.8,VOL_STABILISE
1776081912,14.64,5.06,-0.09,0.235,9.868,-4.6,1.17,70.72,48.8584,2.3079,91.7,VOL_STABILISE
1776081912,14.57,5.2,-0.055,-0.119,9.757,-4.36,1.47,71.16,48.8584,2.308,91.7,VOL_STABILISE
1776081912,14.53,5.05,-0.198,0.231,9.84,-4.07,1.74,71.59,48.8584,2.3081,91.6,VOL_STABILISE
1776081913,14.5,5.17,0.132,-0.023,9.878,-3.73,2.0,72.03,48.8584,2.3082,91.6,VOL_STABILISE
1776081913,14.5,4.8,0.099,0.462,9.768,-3.34,2.23,72.47,48.8584,2.3083,91.5,VOL_STABILISE
1776081913,14.53,5.02,0.298,0.011,9.74,-2.92,2.44,72.91,48.8584,2.3084,91.5,VOL_STABILISE
1776081913,14.57,5.07,-0.071,0.023,9.762,-2.46,2.61,73.34,48.8584,2.3085,91.4,VOL_STABILISE
1776081914,14.64,5.03,0.307,-0.125,9.892,-1.97,2.76,73.77,48.8584,2.3086,91.4,VOL_STABILISE
1776081914,14.72,4.91,0.107,0.452,9.852,-1.46,2.87,74.21,48.8584,2.3087,91.3,VOL_STABILISE
1776081914,14.81,4.84,-0.212,-0.135,9.886,-0.94,2.95,74.64,48.8584,2.3088,91.3,VOL_STABILISE
1776081914,14.92,4.87,-0.33,0.479,9.766,-0.4,2.99,75.08,48.8584,2.3089,91.2,VOL_STABILISE
1776081914,15.03,4.9,-0.206,0.038,9.73,0.14,3.0,75.51,48.8584,2.309,91.2,VOL_STABILISE
1776081915,15.14,5.03,-0.263,-0.406,9.738,0.69,2.97,75.95,48.8584,2.3091,91.1,VOL_STABILISE
1776081915,15.24,4.89,-0.254,-0.115,9.75,1.22,2.91,76.38,48.8584,2.3092,91.1,VOL_STABILISE
1776081915,15.33,5.0,0.217,0.18,9.891,1.73,2.81,76.81,48.8584,2.3093,91.0,VOL_STABILISE
1776081915,15.4,4.83,-0.184,-0.435,9.725,2.23,2.69,77.25,48.8584,2.3094,91.0,VOL_STABILISE
1776081916,15.45,4.92,-0.065,0.033,9.825,2.7,2.53,77.68,48.8584,2.3095,90.9,VOL_STABILISE
1776081916,15.49,5.03,0.304,-0.468,9.777,3.11,2.35,78.09,48.8584,2.3096,90.9,VOL_STABILISE
1776081916,15.5,5.1,0.27,0.494,9.836,3.52,2.13,78.52,48.8584,2.3097,90.8,VOL_STABILISE
1776081916,15.49,4.95,-0.362,0.063,9.899,3.88,1.89,78.96,48.8584,2.3098,90.8,VOL_STABILISE
1776081916,15.45,5.11,-0.11,0.153,9.793,4.21,1.62,79.4,48.8584,2.3099,90.7,VOL_STABILISE
1776081917,15.4,5.07,-0.495,-0.42,9.81,4.47,1.34,79.83,48.8584,2.31,90.7,VOL_STABILISE
1776081917,15.1,1.0,-0.398,-0.494,9.806,4.69,1.04,80.26,48.8584,2.31,90.6,ATTERRISSAGE
1776081917,14.8,1.0,-0.099,-0.333,9.779,4.84,0.75,80.67,48.8584,2.31,90.6,ATTERRISSAGE
1776081917,14.5,1.0,0.124,-0.218,9.78,4.94,0.45,81.08,48.8584,2.31,90.5,ATTERRISSAGE
1776081917,14.2,1.0,0.051,0.408,9.861,5.0,0.13,81.51,48.8584,2.31,90.5,ATTERRISSAGE
1776081918,13.9,1.0,0.36,-0.08,9.78,4.99,-0.2,81.95,48.8584,2.31,90.4,ATTERRISSAGE
1776081918,13.6,1.0,0.49,-0.28,9.751,4.92,-0.52,82.38,48.8584,2.31,90.4,ATTERRISSAGE
1776081918,13.3,1.0,0.442,0.122,9.73,4.8,-0.84,82.81,48.8584,2.31,90.3,ATTERRISSAGE
1776081918,13.0,1.0,0.013,-0.224,9.864,4.62,-1.15,83.25,48.8584,2.31,90.3,ATTERRISSAGE
1776081919,12.7,1.0,0.177,0.265,9.838,4.4,-1.42,83.66,48.8584,2.31,90.2,ATTERRISSAGE
1776081919,12.4,1.0,0.122,0.034,9.764,4.12,-1.7,84.09,48.8584,2.31,90.2,ATTERRISSAGE
1776081919,12.1,1.0,0.1,-0.348,9.75,3.79,-1.96,84.52,48.8584,2.31,90.1,ATTERRISSAGE
1776081919,11.8,1.0,0.003,-0.049,9.836,3.41,-2.19,84.96,48.8584,2.31,90.1,ATTERRISSAGE
1776081919,11.5,1.0,-0.357,-0.394,9.84,2.99,-2.4,85.4,48.8584,2.31,90.0,ATTERRISSAGE
1776081920,11.2,1.0,-0.5,-0.489,9.823,2.57,-2.58,85.81,48.8584,2.31,90.0,ATTERRISSAGE
1776081920,10.9,1.0,0.262,0.071,9.821,2.11,-2.72,86.22,48.8584,2.31,89.9,ATTERRISSAGE
1776081920,10.6,1.0,0.113,-0.001,9.897,1.61,-2.84,86.66,48.8584,2.31,89.9,ATTERRISSAGE
1776081920,10.3,1.0,-0.191,0.32,9.813,1.08,-2.93,87.09,48.8584,2.31,89.8,ATTERRISSAGE
1776081920,10.0,1.0,-0.071,0.305,9.909,0.54,-2.98,87.53,48.8584,2.31,89.8,ATTERRISSAGE
1776081921,9.7,1.0,-0.369,0.066,9.73,-0.0,-3.0,87.97,48.8584,2.31,89.7,ATTERRISSAGE
1776081921,9.4,1.0,0.267,0.325,9.735,-0.55,-2.98,88.4,48.8584,2.31,89.7,ATTERRISSAGE
1776081921,9.1,1.0,0.062,-0.16,9.801,-1.08,-2.93,88.84,48.8584,2.31,89.6,ATTERRISSAGE
1776081921,8.8,1.0,-0.134,0.218,9.711,-1.61,-2.84,89.28,48.8584,2.31,89.6,ATTERRISSAGE
1776081922,8.5,1.0,-0.104,0.269,9.783,-2.11,-2.72,89.71,48.8584,2.31,89.5,ATTERRISSAGE
1776081922,8.2,1.0,0.407,0.136,9.866,-2.6,-2.56,90.15,48.8584,2.31,89.5,ATTERRISSAGE
1776081922,7.9,1.0,-0.01,0.093,9.854,-3.04,-2.38,90.58,48.8584,2.31,89.4,ATTERRISSAGE
1776081922,7.6,1.0,0.128,-0.378,9.805,-3.43,-2.18,90.99,48.8584,2.31,89.4,ATTERRISSAGE
1776081922,7.3,1.0,0.212,-0.098,9.749,-3.78,-1.96,91.4,48.8584,2.31,89.3,ATTERRISSAGE
1776081923,7.0,1.0,-0.098,0.221,9.841,-4.1,-1.72,91.81,48.8584,2.31,89.3,ATTERRISSAGE
1776081923,6.7,1.0,-0.139,-0.499,9.752,-4.39,-1.44,92.25,48.8584,2.31,89.2,ATTERRISSAGE
1776081923,6.4,1.0,-0.013,-0.115,9.834,-4.62,-1.15,92.68,48.8584,2.31,89.2,ATTERRISSAGE
1776081923,6.1,1.0,-0.217,-0.084,9.795,-4.8,-0.84,93.12,48.8584,2.31,89.1,ATTERRISSAGE
1776081923,5.8,1.0,0.239,0.266,9.838,-4.92,-0.52,93.55,48.8584,2.31,89.1,ATTERRISSAGE
1776081924,5.5,1.0,0.419,0.393,9.781,-4.99,-0.2,93.99,48.8584,2.31,89.0,ATTERRISSAGE
1776081924,5.2,1.0,0.142,-0.31,9.851,-5.0,0.11,94.39,48.8584,2.31,89.0,ATTERRISSAGE
1776081924,4.9,1.0,-0.463,-0.365,9.749,-4.95,0.42,94.8,48.8584,2.31,88.9,ATTERRISSAGE
1776081924,4.6,1.0,0.327,-0.126,9.78,-4.86,0.72,95.21,48.8584,2.31,88.9,ATTERRISSAGE
1776081925,4.3,1.0,0.055,0.159,9.881,-4.7,1.02,95.64,48.8584,2.31,88.8,ATTERRISSAGE
1776081925,4.0,1.0,0.231,0.235,9.81,-4.5,1.31,96.05,48.8584,2.31,88.8,ATTERRISSAGE
1776081925,3.7,1.0,0.024,-0.377,9.782,-4.24,1.59,96.49,48.8584,2.31,88.7,ATTERRISSAGE
1776081925,3.4,1.0,-0.425,0.055,9.782,-3.94,1.84,96.89,48.8584,2.31,88.7,ATTERRISSAGE
1776081925,3.1,1.0,0.405,0.069,9.734,-3.58,2.09,97.33,48.8584,2.31,88.6,ATTERRISSAGE
1776081926,2.8,1.0,-0.3,-0.16,9.877,-3.19,2.31,97.77,48.8584,2.31,88.6,ATTERRISSAGE
1776081926,2.5,1.0,0.5,0.043,9.771,-2.75,2.51,98.2,48.8584,2.31,88.5,ATTERRISSAGE
1776081926,2.2,1.0,0.03,0.099,9.776,-2.27,2.67,98.64,48.8584,2.31,88.5,ATTERRISSAGE
1776081926,1.9,1.0,0.167,-0.467,9.77,-1.81,2.8,99.05,48.8584,2.31,88.4,ATTERRISSAGE
1776081926,1.6,1.0,-0.224,-0.423,9.771,-1.3,2.9,99.48,48.8584,2.31,88.4,ATTERRISSAGE
1776081927,1.3,1.0,-0.155,-0.202,9.823,-0.8,2.96,99.89,48.8584,2.31,88.3,ATTERRISSAGE
1776081927,1.0,1.0,0.188,0.087,9.884,-0.26,3.0,100.33,48.8584,2.31,88.3,ATTERRISSAGE
1776081927,0.7,1.0,-0.334,-0.255,9.875,0.29,2.99,100.76,48.8584,2.31,88.2,ATTERRISSAGE
1776081927,0.4,1.0,0.212,-0.432,9.757,0.83,2.96,101.2,48.8584,2.31,88.2,ATTERRISSAGE
1776081928,0.1,1.0,0.09,-0.394,9.727,1.37,2.89,101.64,48.8584,2.31,88.1,ATTERRISSAGE
1776081928,0,1.0,0.419,0.16,9.756,1.85,2.79,102.04,48.8584,2.31,88.1,TERMINE
